Date,returns,pce_price_index,unemployment_rate,nonfarm_payrolls,industrial_production,capacity_utilization,housing_starts,building_permits,retail_sales,durable_orders,consumer_confidence,fed_funds,epu_index,t10y2y_spread,t10y3m_spread,hy_ccc_spread,corp_bond_spread
2010-08-16,-0.019997774914751104,1.069498274277291,-1.922128123469201,0.7807750088528244,1.731050759928136,1.803227896209609,-1.1785911630313668,-1.2715037748370484,1.2161289827096833,1.2261960550602375,-1.1645345638790108,0.9306564560168297,0.6437264461737008,-1.10715317022901,-2.0195404345456036,-0.31187822859611836,-0.7050518248171697
2010-08-17,0.9943214578297909,1.063958513661031,-1.9131848734544545,0.7866138864817348,1.7175351167952322,1.7876215782025637,-1.1706196182551607,-1.2670960780293135,1.2065029504994522,1.2169210940325381,-1.1704599907445299,0.92658093328204,0.6599651546147877,-1.10715317022901,-1.995522276079651,-0.30552506702500243,-0.6988930896497713
2010-08-18,0.08647391842517141,1.0585649162658737,-1.9043369987521686,0.7925121632215915,1.704338855502696,1.772378912763109,-1.162726257352761,-1.2627151053583252,1.1969875487608945,1.2077609913272966,-1.1764412016568069,0.9225267187613486,0.6767901695978277,-1.10715317022901,-1.9721289930824284,-0.29912728265752003,-0.6927557989412091
2010-08-19,-1.4686333417402238,1.0533217882683203,-1.8955827137089758,0.7984710706065784,1.6914551078021482,1.7574894948656432,-1.1549094666949642,-1.258360547549978,1.1875801926261733,1.1987135011714491,-1.1824791838906896,0.9184935609252559,0.6942441891258193,-1.10715317022901,-1.949331877548584,-0.2926826209732558,-0.6866393570190923
2010-08-20,-0.338007303323588,1.0482339396141227,-1.8869202793022608,0.8044918761539481,1.6788775229138542,1.7429435587671782,-1.1471676768604055,-1.2540321002974468,1.1782783850366978,1.1897764747270343,-1.1885749494678592,0.9144812121350756,0.7123744409114516,-1.10715317022901,-1.927104034067688,-0.2861887159668977,-0.680543183469632
2010-08-23,-0.36408600259919344,1.0433067344083395,-1.8783480015826843,0.8105758847380726,1.6666002521423917,1.7287319464149444,-1.1394993610570525,-1.2497294641584848,1.1690797134296427,1.1809478577345005,-1.1947295359636083,0.9104894285637201,0.7312333239223037,-1.1071531702290076,-1.905420234848922,-0.2796430818156052,-0.6744667138695648
2010-08-24,-1.2493429531364828,1.0385461482121294,-1.8698642301797992,0.8167244400290413,1.654617935796969,1.714846078857163,-1.1319030336117641,-1.2454523444553054,1.1599818466126055,1.1722256883905604,-1.2009440073460325,0.9065179701184582,0.7508791649407999,-1.10715317022901,-1.8842567886821324,-0.2730431037813084,-0.6684094006540596
2010-08-25,0.2651327916195174,1.033958833343512,-1.8614673568679272,0.8229389260000068,1.6429256923522537,1.7012779304499455,-1.1243772485245291,-1.2412004511769719,1.1509825318168148,1.163608095456799,-1.2072194548492392,0.9025666003655416,0.7713771153730093,-1.10715317022901,-1.863591422278285,-0.26638602826195784,-0.6623707141379666
2010-08-26,-0.665400478770086,1.0295521934858263,-1.8531558141893103,0.8292207685064297,1.6315191098062685,1.6880200056799515,-1.1169205980840435,-1.2369734988842436,1.1420795919204223,1.1550932965964342,-1.2135569978821592,0.8986350864567034,0.792800220158973,-1.10715317022901,-1.8434031726297455,-0.25966895189433964,-0.6563501437103517
2010-08-27,1.3880935422449547,1.0253344691615507,-1.8449280741318954,0.8355714369422956,1.6203942392119048,1.675065318446569,-1.109531711541637,-1.232771206616747,1.1332709228337887,1.146679596937856,-1.2199577849747703,0.8947231990574176,0.8152306992961318,-1.10715317022901,-1.8236722892002535,-0.25288880959789883,-0.6503471992254374
2010-08-30,-1.255166588263062,1.0213148359351643,-1.8367826468592543,0.8419924459769902,1.6095475903792362,1.662407373669986,-1.1022092538406207,-1.2285932978024805,1.1245544910395493,1.1383653878648006,-1.2264229947634724,0.890830712276914,0.8387614939163678,-1.10715317022901,-1.8043801449004337,-0.24604236143384353,-0.6443614126167058
2010-08-31,0.017796131198804417,1.0175035175902412,-1.8287180794900864,0.848485357378113,1.598976129766195,1.6500401511120486,-1.0949519243983132,-1.2244395001695298,1.1159283312809103,1.1301491460342976,-1.2329538370176227,0.8869574035998651,0.8634981440860169,-1.10715317022901,-1.7855091549306328,-0.23912617813607484,-0.6383923397652318
2010-09-01,2.4488294996233653,1.0139119169936706,-1.8207329549252167,0.8550517819245296,1.5886772805972746,1.6379580913168055,-1.0877584559382119,-1.22030954565995,1.1073905443920207,1.1220294326248534,-1.2395515537092243,0.8831030538197246,0.889561085997115,-1.10715317022901,-1.7670427026818862,-0.23213662515002684,-0.6324395626583629
2010-09-02,0.7265182357600675,1.0105527679408746,-1.8128258907197796,0.8616933814159383,1.5786489252724214,1.626156083595816,-1.0806276133698653,-1.2162031703457497,1.098939295265227,1.1140048928187276,-1.246217420127984,0.8792674469736474,0.9170884841131988,-1.1071531702290076,-1.748965071980392,-0.2250698449915117,-0.6265026918808425
2010-09-03,1.0711934661437126,1.0074403120056532,-1.8049955379985918,0.8684118707843019,1.568889410152604,1.6146294560017465,-1.0735581927141147,-1.2121201143469156,1.0905728109502206,1.1060742555236307,-1.2529527460440044,0.8754503702789641,0.9462397522405285,-1.1071531702290076,-1.731261385043094,-0.21792173770968323,-0.6205813694875444
2010-09-07,-0.9926237646198617,1.0045905053301145,-1.7972405804128155,0.8752090203128814,1.559397552835147,1.6033739672507044,-1.0665490200716126,-1.2080601217514182,1.082289378880842,1.0982363333407388,-1.2597588769205132,0.871651614071155,0.9771999710514246,-1.10715317022901,-1.7139175455836964,-0.21068793920541143,-0.6146752723153851
2010-09-08,0.5116547636023913,1.0020212614456478,-1.7895597331359363,0.8820866579703739,1.5501726520606638,1.5923858005717655,-1.0595989506324817,-1.2040229405371576,1.0740873452258386,1.0904900227876102,-1.2666371951792443,0.8678709717432915,1.0101854852966154,-1.10715317022901,-1.6969201865709354,-0.20336379711762484,-0.6087841158019917
2010-09-09,0.37792753550941316,0.9997527376891969,-1.7819517418974837,0.8890466718664742,1.54121450042575,1.5816615594790977,-1.052706867725247,-1.2000083224957494,1.0659651133601922,1.0828343047863944,-1.2735891215211712,0.8641082396868884,1.045451072580637,-1.10715317022901,-1.6802566221958075,-0.19594434394463878,-0.6029076583906586
2010-09-10,0.3828254773498235,1.3092401182521276,-1.2641127585389764,0.8937484873985735,1.7103386305386596,1.7743339927069577,0.217397387060837,-1.163525387356259,1.3312854126409976,1.4098777352705951,-0.924048858906639,1.1792302955790808,1.2610003671566985,-3.2920535925556216,-3.1104880661894803,0.34878294134688315,-0.007132563692821126
2010-09-13,0.904366913118395,1.3026756481230073,-1.259505342485188,0.8951375627456407,1.6956119648926142,1.7581872822050444,0.2161437324309923,-1.156304433224631,1.3203337197574563,1.398464294605904,-0.9338939978512852,1.1722919757578962,1.2523282805905325,-3.218516488631227,-3.041310855441862,0.36079044117373565,0.002671323683205594
2010-09-14,-0.08793161445178535,1.296317522578846,-1.254927033860005,0.8965296291810226,1.681195830412313,1.7423934683749072,0.21489059675020905,-1.1491491579084916,1.309523754679356,1.3872233721943026,-0.9439127584487949,1.1654153223553385,1.2437898930042337,-3.149205802283341,-2.9760186043073764,0.37314114008922084,0.012721205933287669
2010-09-15,0.2693593198983399,1.2901697472365643,-1.2503774804919159,0.8979246998838318,1.6670814198424977,1.7269413535635165,0.2136379740558247,-1.1420583194858398,1.2988517520489746,1.3761507131015844,-0.9541110779065354,1.1585992159243614,1.2353838655143967,-3.083722265828666,-2.914250590616881,0.385856917449392,0.023034506666415218
2010-09-16,-0.05370070240201218,1.2842368981438055,-1.2458563361164128,0.899322788113797,1.6532604179725445,1.7118203589631322,0.21238585839487184,-1.1350307074926274,1.2883140790667373,1.3652422462737448,-0.9644951832075085,1.151842564474145,1.2271090093122772,-3.0217176087419495,-2.8556914038902588,0.3989616706053179,0.03363042356730546
2010-09-17,0.04540256633555921,1.2785241695727756,-1.241363260248506,0.9007239072119523,1.6397249774807805,1.697020489665733,0.21113424382392676,-1.1280651418876726,1.2779072294168332,1.354494077055024,-0.9750716096513152,1.145144302598102,1.2189642874328557,-2.9628864699414894,-2.8000638729241265,0.41248156352347276,0.044530173699671965
2010-09-20,1.249790471552873,1.273037428251188,-1.236897918058506,0.9021280706010916,1.626467696864326,1.6825323026238581,0.209883124408986,-1.121160472058815,1.2676278175279247,1.3439024802327537,-0.9858472208692647,1.1385033906354716,1.2109488171270621,-2.906959825069764,-2.747123298010765,0.426445314073757,0.05575728196655514
2010-09-21,-0.2441921540382616,1.2677832749631603,-1.2324599802510623,0.9035352917867121,1.6134816003104333,1.6683468772822188,0.20863249422530208,-1.114315575868355,1.2574725731470726,1.3334638935800074,-0.9968292304542629,1.1319188138649805,1.203061872873309,-2.8536996043422853,-2.6966527125179285,0.4408845273191488,0.06733792205018027
2010-09-22,-0.4305317893470405,1.262769114620684,-1.2280491229473993,0.9049455843574802,1.6007601193820955,1.654455788670193,0.20738234735726113,-1.1075293587360056,1.2474383362068686,1.3231749118699208,-1.0080252253621043,1.125389581729131,1.1953028900705764,-2.8028942541568704,-2.64845896348056,0.4558340837971945,0.07930132156580963
2010-09-23,-0.7261485304988772,1.258003236104225,-1.22366502757052,0.9063589619859951,1.588297076405952,1.6408510827685536,0.20613267789823297,-1.1008007527575785,1.2375220519672463,1.313032281338233,-1.0194431912582413,1.1189147270877349,1.1876714694620802,-2.754355052876152,-2.602369448950738,0.4713325938769836,0.09168024631035557
2010-09-24,1.7384959539075309,1.2534949034118577,-1.2193073807334547,0.9077754384292679,1.5760866694643858,1.6275252539836407,0.20488347995042236,-1.0941287158577997,1.2277207664145202,1.3030328945731093,-1.031091540004458,1.1124933054994064,1.1801673823462144,-2.7079130338308324,-2.5582293858514573,0.48742293193980313,0.10451158262665906
2010-09-27,-0.5101410516462276,1.2492544599482767,-1.21497587413034,0.9091950275296916,1.5641234589066662,1.6144712245816941,0.20363474762474473,-1.0875122309756495,1.21803162190171,1.2931737858136738,-1.0429791395025405,1.1061243945297927,1.1727905766400286,-2.6634164006747496,-2.515899509285917,0.5041528675468679,0.11783704240347123
2010-09-28,0.37610319000278364,1.2452934481403244,-1.2106702044302815,0.9106177432155345,1.552402355306048,1.6016823259522335,0.20238647504067797,-1.0809503052808187,1.2084518530153465,1.2834521266409376,-1.0551153461377794,1.0998070930853452,1.165541183870241,-2.6207283445913103,-2.475254125000498,0.5215758151683225,0.13170402260862482
2010-09-29,-0.24889046074615986,1.2416247470001467,-1.2063900731739587,0.9120435995016798,1.5409186088010616,1.5891522815850987,0.20113865632611463,-1.0744419694198524,1.1989787826547442,1.2738652220469568,-1.067510040094783,1.09354052077155,1.1584195271778381,-2.57972519152091,-2.436179452654323,0.539751729790149,0.14616666125703467
2010-09-30,-0.2906599830165422,1.2382627307914413,-1.2021351866727656,0.9134726104903765,1.5296677997700665,1.5768751916597554,0.1998912856172418,-1.0679862767906303,1.1896098183109487,1.2644105068701217,-1.0801736638512087,1.087323817274536,1.1514261304349387,-2.5402948220001305,-2.398572209915493,0.5587481832559773,0.16128714543879283
2010-10-01,0.33274659285699554,1.2352234526165993,-1.1979052559105754,0.9149047903717495,1.5186458307982762,1.5648455191585324,0.19864435705838032,-1.0615823028439881,1.1803424485334666,1.2550855425864975,-1.0931172641935059,1.0811561417650846,1.1445617285870064,-2.5023353174285976,-2.3623383970623735,0.5786416661927533,0.1771373460944428
2010-10-04,-0.7219841674568063,1.2325248575617656,-1.1936999964479318,0.9163401534248065,1.5078489199069411,1.5530580774274603,0.19739786480186552,-1.0552291444112343,1.1711742395734293,1.2458880144491034,-1.1063525381423884,1.0750366723240579,1.137827279350108,-2.4657537953796536,-2.327392249364067,0.5995191737397635,0.1938008810605885
2010-10-05,1.7208789581859298,1.2301870310656944,-1.1895191283286315,0.9177787140179637,1.4972735950238023,1.5415080191197712,0.1961518030079011,-1.0489259190564684,1.162102832192883,1.2368157289689514,-1.1198918832257825,1.0689646053883668,1.1312239764120093,-2.430465403517898,-2.2936553305278107,0.6214801513804283,0.21137574624732489
2010-10-06,-0.09484734519908432,1.2282324894678467,-1.1853623759886707,0.9192204866098725,1.486916689684005,1.530190826468057,0.19490616584441298,-1.0426717644525751,1.1531259386305845,1.2278666117336317,-1.1337484525948875,1.0629391552165923,1.1247532643080023,-2.3963924472054985,-2.261055745292076,0.6446389019008414,0.2299777104612077
2010-10-07,-0.17596775717125807,1.2266865213242824,-1.1812294681673638,0.9206654857499582,1.476775339960854,1.5191023028408306,0.19366094748693125,-1.036465837779933,1.1442413397150073,1.219038705561155,-1.1479362155449873,1.0569595533734546,1.1184168551680054,-2.3634636302906054,-2.2295274530837936,0.6691275887230711,0.2497447515970717
2010-10-08,0.48296788663843787,1.2255775901628525,-1.1771201378207339,0.9221137260794561,1.4668469826355872,1.5082385655498296,0.19241614211843136,-1.0303073151468327,1.135446882116384,1.2103301689887818,-1.1624700240795494,1.0510250482323298,1.1122167475612819,-2.3316133921178035,-2.1990096677529265,0.695100018860349,0.2708429357184076
2010-10-11,-0.021787895938828388,1.496833266986632,-1.1730341220369869,0.6756777600956401,1.597805360508294,1.6610396337543487,0.0718721402511037,-1.4899056348841593,1.614917190578503,2.0148047203603885,-1.4419361481798685,1.0451349044951057,-0.06426035116170155,-1.8438248952694503,-2.0744271993382846,-0.10011403711259143,-1.1361795513420587
2010-10-12,0.2898781194401764,1.4917424396737657,-1.1642352417647357,0.6739650890244779,1.5841796142292082,1.6464421363452295,0.07101872922289375,-1.478519298665968,1.6041334754248193,1.994143143866141,-1.4290244696200614,1.0381142323560986,-0.06870371441259217,-1.8295242268235727,-2.049419689810387,-0.09375404316097061,-1.1279120217717835
2010-10-13,0.5663074304039192,1.4870139619490748,-1.155527162584553,0.6722560280321809,1.570807081057216,1.632131503305266,0.07016531652647413,-1.4672930391785268,1.5936226188334623,1.9740241188742422,-1.416306805012029,1.0311513244152526,-0.07317195969359566,-1.8154650125319578,-2.0250832280136066,-0.08733296258859809,-1.1197396679932885
2010-10-14,-0.34015444734785744,1.4826612175279212,-1.1469078209881896,0.6705505569445098,1.557680715228492,1.6180992347864915,0.06931190028944376,-1.4562226115819328,1.5833821237327155,1.9544265400611744,-1.4037773292040887,1.0242450746733403,-0.07766563591499609,-1.8016400199109894,-2.001386229251402,-0.08084842169390324,-1.1116610632879487
2010-10-15,0.1430053156484109,1.4786992550767668,-1.1383752138158891,0.668848655725838,1.5447938215408314,1.604337265767819,0.06845847863902746,-1.4453039256438542,1.5734099475941177,1.935330620383874,-1.391430450107161,1.0173944038262412,-0.08218530557442981,-1.7880423168373356,-1.9782991530440197,-0.07429793558066627,-1.1036748607582276
2010-10-18,0.5820042485985263,1.4751449753008614,-1.1299273959192258,0.667150304477808,1.5321400384969817,1.5908379434199726,0.06760504970203345,-1.4345330385272195,1.563704507496184,1.9167177984497932,-1.3792607966048638,1.0105982584014608,-0.08673154523474998,-1.774665255654777,-1.955794335662829,-0.06767890088324312,-1.0957797929872468
2010-10-19,-1.3744728012049825,1.4720173474464426,-1.121562477932176,0.6654554834382491,1.5197133227478503,1.5775940062362588,0.0667516116048546,-1.4239061479852653,1.5542646876587392,1.8985706544655925,-1.367263207217691,1.0038556099279954,-0.09130494602223328,-1.761502458297987,-1.9338458391465858,-0.06098858790228089,-1.0879746719269185
2010-10-20,0.8611882297087656,1.4693376605785262,-1.1132786241447343,0.6637641729796167,1.5075079347473126,1.5645985647979175,0.06589816247342578,-1.413419585936912,1.5450898495919758,1.8808728339017389,-1.3554327194661397,0.9971654541380053,-0.09590611414616476,-1.7485478023571714,-1.9124293149152432,-0.0542241320931356,-1.0802583890222262
2010-10-21,0.11530717428221182,1.4671298161638668,-1.1050740504733496,0.6620763536079384,1.4955184255398466,1.5518450840563922,0.0650447004332223,-1.4030698123976484,1.5361798450360158,1.8636089781143832,-1.343764559882199,0.9905268101988635,-0.10053567144091388,-1.7357954080140523,-1.891521880341278,-0.04738252484253234,-1.0726299155808967
2010-10-22,0.1706107671110243,1.4654206699606676,-1.096947022522923,0.6603920059615264,1.483739624609788,1.539327367027101,0.064191223609231,-1.3928534097428529,1.5275350319029803,1.846764661256279,-1.3322541346227958,0.9839387199742021,-0.10519425593167046,-1.7232396257854343,-1.8711020068475748,-0.04046060346150061,-1.06508830339954
2010-10-25,0.14548768098390263,1.4642404330658283,-1.0888958537357343,0.6587111108097556,1.4721666287292419,1.5270395398001517,0.06333773012592138,-1.3827670772821998,1.5191562934739544,1.8303263328877488,-1.3208970206426025,0.9774002473126553,-0.10988252242508101,-1.7108750250160272,-1.8511494182802415,-0.033455040313993684,-1.057632685659236
2010-10-26,-0.04018827864064846,1.4636231443238252,-1.0809189036223512,0.6570336490518527,1.4607947917485158,1.5149760377837567,0.06248421810724378,-1.3728076261254336,1.51104506114954,1.8142812657679301,-1.3096889573871053,0.9709104773630753,-0.1146011431261125,-1.6986963830669053,-1.83164499845906,-0.02636233099093347,-1.0502622781057833
2010-10-27,-0.27176287187275416,1.463607229304285,-1.0730145760705174,0.6553596017156997,1.4496197152793033,1.5031315931052773,0.06163068567658694,-1.3629719743211572,1.5032033411056804,1.7986175083675087,-1.2986258389697585,0.9644685159150436,-0.11935080828252938,-1.6866986751504647,-1.812570706941291,-0.01917878142825372,-1.04297638053213
2010-10-28,0.04754493050864136,1.4642361649262399,-1.0651813177277327,0.6536889499566024,1.438637240227143,1.4915012231033067,0.06077713095677891,-1.3532571422515953,1.4956337452678683,1.7833238416980173,-1.2877037068001562,0.9580734887635555,-0.12413222685849089,-1.674877064766598,-1.7939095021496954,-0.011900493854913863,-1.0357743785832538
2010-10-29,-0.07963488033135421,1.4655592738250112,-1.0574176164537874,0.6520216750563148,1.4278434391353338,1.4800802198519944,0.059923552070044524,-1.343660248267585,1.488339527087631,1.7683897401002928,-1.2769187426326003,0.9517245410968511,-0.12894612723882332,-1.6632268946985402,-1.775645271115334,-0.004523351442278611,-1.0286557459066066
2010-11-01,0.030745452330407146,1.4676326791263237,-1.0497219998397926,0.6503577584215893,1.4172346093079051,1.4688641406664182,0.059069947138003516,-1.3341785045490842,1.4813246226884955,1.7538053356772108,-1.2662672620067017,0.9454208369063589,-0.13379325796567568,-1.6517436785300035,-1.7577627651724002,0.0029569984903036403,-1.02162004667466
2010-11-02,0.6272162493476626,1.4705204589578675,-1.0420930337899814,0.6486971815832268,1.4068072666842546,1.4578487995443254,0.05821631428164162,-1.3248092131775115,1.4745936980457621,1.7395613860935428,-1.2557457080541423,0.9391615584178135,-0.13867438850932381,-1.6404230926483383,-1.7402475410178218,0.010545162878085013,-1.0146669385097102
2010-11-03,0.269159254242586,1.4742960515717032,-1.0345293211635254,0.6470399261948964,1.3965581404433287,1.447030259506326,0.05736265162128144,-1.3155497624072756,1.4681522029791647,1.7256492454999415,-1.2453506456473729,0.9329459055426429,-0.14359031007503695,-1.6292609687010748,-1.7230859066142479,0.01824602310801247,-1.0077961758453717
2010-11-04,1.6214258875896967,1.4790439774840787,-1.027029500473015,0.645385974032015,1.3864841683200761,1.436404825802812,0.056508957276580646,-1.3063976231245689,1.4620064328731415,1.7120608383686413,-1.235078755867931,0.9267730953487548,-0.1485418364480302,-1.6182532864758052,-1.7062648714726514,0.02606475722211846,-1.0010076137638841
2010-11-05,0.2895246610115861,1.4848619661582165,-1.0195922446369174,0.6437353069906403,1.3765824926211503,1.4259690399616625,0.055655229366489284,-1.2973503454824669,1.4561635992010211,1.6987886360565627,-1.224926830773865,0.9206423615499034,-0.1535298048786585,-1.60739616717555,-1.6897721009013311,0.03400686436855499,-0.9943012123537719
2010-11-08,-0.23825198429279737,1.4918636038155693,-1.0122162597834015,0.6420879070863745,1.3668504569324706,1.415719674656812,0.054801466009250614,-1.2884055557020093,1.4506319101217344,1.6858256359369714,-1.2148917684470115,0.9145529540128553,-0.15855507701016117,-1.5966858670639272,-1.673595873852389,0.04207819177572772,-0.9876770416385018
2010-11-09,-0.7518059864899033,1.500181659430669,-1.0049002841028514,0.6404437564532334,1.3572856035153382,1.4056537293834925,0.05394766532235835,-1.2795609530296328,1.4454206626490946,1.6731653429646702,-1.2049705683024563,0.9085041382816184,-0.16361853985140068,-1.5861187714562794,-1.6577250440358764,0.05028496456488873,-0.9811352871338234
2010-11-10,0.34180169122677717,2.596895769709496,-1.4634406501752522,1.554512163049936,1.2104352475018645,1.3400162585566189,-1.1710037903918498,-1.400974223840195,2.1492882909978146,0.969251493585066,-1.3765604606668382,0.901255213833685,2.7305337260088614,-0.8898364346116528,-1.3513464441982135,-0.7340091194788524,-1.760792311431525
2010-11-11,-0.41424350397329196,2.5674244063307943,-1.4514824329097415,1.5401066170755255,1.2018632629623744,1.3302617226097277,-1.1731484624760016,-1.3946378371300994,2.127287057231447,0.9620997290513347,-1.3675955358279273,0.8940523072784725,2.6848539515514767,-0.8851069553820368,-1.3399500273604728,-0.7276558390724932,-1.7448871965793584
2010-11-12,-1.079720366190235,2.5391200574653086,-1.4397173176561988,1.525944260125647,1.1934075917188876,1.3206592068409317,-1.175300141232024,-1.3883548796492131,2.1059346283943516,0.9550104562420295,-1.3587330363863677,0.8868942951098553,2.6411243461001686,-0.880404127208011,-1.3287059316500387,-0.721324798832063,-1.7293260719621129
2010-11-15,-0.1447662444164558,2.5119285093565136,-1.4281404343825528,1.5120172526294764,1.1850667595710673,1.3112062563235185,-1.1774588700283544,-1.382124509365844,2.085205603233748,0.9479828798689455,-1.3499707183236398,0.8797800740239735,2.599208011071033,-0.8757275811943155,-1.3176099800460706,-0.7150152004522715,-1.7140981748218096
2010-11-16,-1.4526111592727904,2.4858002581033376,-1.416747134978274,1.4983180981987272,1.1768394065581822,1.3019005768429448,-1.1796246926109495,-1.3759459026766208,2.0650763328566737,0.9410162544197336,-1.3413064051481238,0.8727085600652449,2.5589812941803416,-0.8710769548038076,-1.3066581469849243,-0.708726250090486,-1.6991933340799694
2010-11-17,-0.007857729612001912,2.4606901050713037,-1.405532983936914,1.4848396243601758,1.1687242873069448,1.2927400329667673,-1.1817976531075207,-1.3698182538886605,2.0455247956259504,0.9341098849089886,-1.3327379852857397,0.8656786877959539,2.5203321896049053,-0.8664518917096077,-1.295846551204542,-0.7024571578718183,-1.6846019374667336
2010-11-18,1.3146385993231304,2.436556802609903,-1.394493749723348,1.4715749645928042,1.1607202717685876,1.2837226466296658,-1.18397779603187,-1.3637407747194552,2.026530484690399,0.9272631278093703,-1.3242634095928247,0.8586894094879188,2.4831589685717836,-0.8618520416513749,-1.2851714489952184,-0.6962071373990261,-1.6703149013750298
2010-11-19,0.1857815189691662,2.413362743855251,-1.3836253967866525,1.4585175415669247,1.152826346362553,1.274846596239978,-1.1861651662882446,-1.3577126938137207,2.0080743068503817,0.9204753921758211,-1.3158806889846046,0.8517396943347887,2.447369002160286,-0.8572770602955355,-1.2746292278296403,-0.6899754052671697,-1.6563236432228219
2010-11-22,-0.17672790356257825,2.3910736913852157,-1.372924078183157,1.4456610514909845,1.1450416155482286,1.266110216318046,-1.1883598091757825,-1.3517332562765865,1.9901384916287015,0.9137461409775881,-1.3075878921729287,0.844828527683573,2.4128777452334256,-0.8527266090993716,-1.2642164003471419,-0.6837611805830643,-1.6426200561298896
2010-11-23,-1.2838863094948123,2.3696585403227903,-1.3623861287785222,1.43299944948047,1.137365303849096,1.2575119976803786,-1.1905617703930171,-1.3458017232224184,1.9727065095640584,0.9070748926549117,-1.2993831435073422,0.8379549102840743,2.379607856077427,-0.8482003551788299,-1.25392959866902,-0.6775636844897408,-1.6291964857369052
2010-11-24,1.273678991455335,2.349089112188919,-1.3520080590006551,1.4205269358708303,1.1297967583582216,1.2490505881881144,-1.1927710960424174,-1.3399173713386838,1.9557629988718623,0.9004612229193837,-1.2912646209140306,0.8311178575548513,2.3474884308482666,-0.8436979711799129,-1.243765569023493,-0.6713821396961717,-1.6160457090134366
2010-11-26,-0.6834000387881453,2.3293399764052007,-1.3417865491187244,1.4082379434031476,1.122335451758232,1.2407247940826944,-1.1949878326350356,-1.3340794924642947,1.939293699729631,0.8939047668196152,-1.283230553927303,0.8243163988644953,2.3164543355547216,-0.8392191351535698,-1.2337211666604297,-0.6652157700128046,-1.6031609149188952
2010-11-29,-0.1564852258043365,2.3103882968691543,-1.3317184440268646,1.3961271252174148,1.114980985894251,1.2325335819366081,-1.1972120270951732,-1.328287393181817,1.9232853955429268,0.8874052210967598,-1.2752792218089066,0.8175495768269064,2.2864456212393884,-0.8347635304339465,-1.2237933510374757,-0.6590637998935903,-1.5905356867959843
2010-11-30,-0.5654416460054372,2.2922137014746533,-1.3218007485137238,1.384189343593835,1.1077330959434328,1.2244760812526656,-1.1994437267651583,-1.3225403944230312,1.9077258606350174,0.8809623468576478,-1.2674089517503844,0.8108164466093707,2.257407010399496,-0.8303308455199059,-1.2139791812604983,-0.6529254539853638,-1.5781639863905967
2010-12-01,1.8565906828063248,2.2747981728526128,-1.3120306230021601,1.3724196593875675,1.1005916552317636,1.2165515877509854,-1.2016829794101496,-1.3168378310873534,1.8926038138818093,0.8745759725971711,-1.259618117154315,0.8041160752522192,2.2292874446315882,-0.825920773959693,-1.204275811762519,-0.6467999566858367,-1.5660401394052417
2010-12-02,1.0798782494166235,2.2581259589664504,-1.302405379746064,1.36081332210689,1.0935566807555417,1.208759567389838,-1.203929833223034,-1.3111790516725788,1.8779088778838606,0.8682459976056967,-1.2519051359903428,0.7974475409988819,2.202039685076557,-0.8215330142386681,-1.1946804882064062,-0.6406865317116573,-1.5541588225053147
2010-12-03,0.18450606823750468,2.2421835025247288,-1.2929224794739411,1.3493657605888711,1.0866283394731275,1.201099661173599,-1.206184336829395,-1.3055634179175153,1.8636315433308157,0.8619723958023439,-1.2442684692220911,0.7908099326351322,2.175619958552995,-0.8171672696700012,-1.1851905435976613,-0.6345844016784503,-1.5425150517088337
2010-12-06,-0.15415423703856004,2.2269593884808705,-1.2835795284715483,1.3380725742303767,1.0798069554424337,1.1935716908099547,-1.208446539292525,-1.2999903044560288,1.8497631382725235,0.8557552200404367,-1.2367066193015268,0.7842023488363934,2.14998764335173,-0.8128232482882287,-1.1758033945945585,-0.6284927876951105,-1.5311041721010674
2010-12-07,0.003339428161763875,2.212444309185546,-1.2743742760985943,1.3269295247356399,1.0730930178895564,1.1861756652871145,-1.210716490118549,-1.294459098482115,1.8362958020652798,0.8495946069380698,-1.2292181287271973,0.7776238975218994,2.125104989565582,-0.8085006627455836,-1.1665165380038043,-0.6224109089752667,-1.5199218488256214
2010-12-08,0.27757251791728516,2.1986310470423702,-1.2653046127372156,1.3159325283447068,1.0664871903069648,1.178911788453248,-1.2129942392615782,-1.2889691994255303,1.8232224638132137,0.8434907822940694,-1.2218015786632963,0.7710736952145649,2.1009368695799853,-0.8041992302110368,-1.1573275474506601,-0.6163379824693254,-1.5089640593133364
2010-12-09,0.2898556027206811,2.185514474810979,-1.2563685681725951,1.3050776485098916,1.059990320693006,1.171780467692039,-1.2152798371289821,-1.2835200186376172,1.810536825173597,0.837444067158352,-1.2144555876165204,0.7645508664053964,2.0774505549793267,-0.7999186722719197,-1.1482340702132534,-0.6102732225212931,-1.4982270867198975
2010-12-10,0.4788508357027111,2.8279621448517585,0.6538842246336288,1.680949805927183,1.0913470527571798,1.232645076046769,-1.1589035547022881,-1.22553110594054,2.350402899300987,1.1855572833012102,0.09837965917337337,0.7580545429212651,-0.2521630247243879,-0.5359502495968098,-0.8838587817743837,-0.2323220274617636,-0.6443158934286987
2010-12-13,-0.04123796371174943,2.7811372141342052,0.6568930872622718,1.6639349659009461,1.084078039636683,1.2243929038660306,-1.151696080379816,-1.2161062241450735,2.32064465589262,1.1790163559014564,0.09305211441328229,0.7515838632948441,-0.25254977565892517,-0.5330056728645436,-0.8785091546635874,-0.22645208818700785,-0.6382158925776249
2010-12-14,0.03644142368298087,2.7363800783253525,0.6599164816680051,1.6472516815775318,1.0769067888557842,1.216270202490419,-1.14455393163924,-1.2067863048382714,2.291865847604082,1.1726286926168092,0.08769102905777945,0.7451379721355315,-0.25293664507964475,-0.5300681118821322,-0.8731916399039592,-0.2205452672164311,-0.6321271651600223
2010-12-15,-0.4925147320938621,2.6935446204933986,0.662954563746928,1.6308878979552888,1.0698330919200012,1.208276107222167,-1.1374758738843644,-1.197568846798265,2.264015770122159,1.1663967228744359,0.08229536049447912,0.7387160195000956,-0.253323633199723,-0.5271374848422846,-0.8679057313936599,-0.21460006500002196,-0.626048951786993
2010-12-16,0.496560039674557,2.652499118316247,0.6660074916900106,1.6148321573808309,1.0628568659192885,1.2004099099268601,-1.1304607037348469,-1.1884514265565116,2.2370475385345268,1.1603232427451262,0.07686403221025248,0.7323171602618388,-0.2537107402326213,-0.5242137106443369,-0.8626509324657261,-0.20861492358631611,-0.6199804925974252
2010-12-17,0.023683243039220776,2.6131244844099455,0.6690754260273599,1.5990735617281295,1.0559781588605957,1.1926710627755774,-1.1235072480003643,-1.1794316952222879,2.2109177363319743,1.1544114437188213,0.07139593217846246,0.7259405534769549,-0.2540979663920822,-0.5212967088823095,-0.8574267556433277,-0.20258822317666692,-0.6139210270570928
2010-12-20,0.17517954387278983,2.5753127636864837,0.67215852967349,1.5836017374639675,1.04919715571684,1.18505918271761,-1.116614362695564,-1.170507375462913,2.185586103796279,1.1486649451709305,0.06588991115347462,0.719585361746778,-0.2544853118921325,-0.5183863998331806,-0.8522327224024894,-0.1965182784340201,-0.6078697938032109
2010-12-21,0.483089842509118,2.5389658445689585,0.6752569679737579,1.5684068033414222,1.0425141852636433,1.1775740567405144,-1.1097809320939382,-1.1616762586307063,2.161015260706212,1.1430878310248183,0.06034478086601061,0.7132507505745879,-0.2548727769470822,-0.5154827044453126,-0.8470683629419784,-0.19040333452485977,-0.601826030542477
2010-12-22,0.25008537840287237,2.5039943490577947,0.6783709087518326,1.5534793404918776,1.0359297277858284,1.170215647983606,-1.1030058678187953,-1.1529362020282772,2.137170459036451,1.137684691200402,0.05475931211221307,0.7069358877155059,-0.2552603617715273,-0.5125855443270821,-0.8419332159601033,-0.18424156287081953,-0.5957889740122553
2010-12-23,-0.1903109452962705,2.4703166730964115,0.6815005223583039,1.5388103647063813,1.0294444237470552,1.1629841027800618,-1.0962881079696196,-1.1442851263042972,2.1140193619460295,1.1324606685394092,0.04913223272902411,0.7006399425180754,-0.2556480665803486,-0.5096948417356673,-0.8368268284381923,-0.17803105658402807,-0.5897578600163278
2010-12-27,0.00978019186620226,2.4378581538243185,0.6846459817205516,1.524391300720438,1.0230590835290785,1.1558797587143388,-1.0896266162821864,-1.1357210129724111,2.0915318458758065,1.127421512018122,0.04346222544758177,0.6943620852559705,-0.2560358915887155,-0.5068105195660051,-0.831748755430489,-0.1717698255575249,-0.5837319235488816
2010-12-28,0.023867294885016717,2.406550344422977,0.6878074623936928,1.5102139583318295,1.016774698363178,1.1489031537942853,-1.0830203813209343,-1.1272419020464162,2.069679823015624,1.1225736372025132,0.03774792561578528,0.688101486448243,-0.25642383701208105,-0.5039325013399221,-0.8266985598602368,-0.1654557911790996,-0.5777103990230158
2010-12-29,0.043947998277421116,2.3763303805713067,0.6909851426129008,1.4962705102000333,1.01059245259353,1.142055036851454,-1.0764684157020845,-1.1188458897852755,2.0484370817755124,1.1179241950743686,0.03198791878038575,0.6818573161664323,-0.2568119030661884,-0.501060711195435,-0.8216758123217658,-0.15908678063335088,-0.5716925206231404
2010-12-30,-0.17689558704981143,2.3471404252181554,0.6941792033469077,1.4825534711876085,1.0045137374336464,1.1353363793003568,-1.0699697553461707,-1.1105311265419404,2.027779143212538,1.1134811505668065,0.026180738118133047,0.6756287433268096,-0.25720008996706833,-0.4981950738761783,-0.8166800908883105,-0.15266052075313655,-0.5656775228045094
2010-12-31,-0.06456186452571135,2.3189271805570213,0.6973898283528646,1.469055679119581,0.9985401664008556,1.1287483884061205,-1.0635234587586497,-1.102295814710331,2.007683131635817,1.1092533724025042,0.020324861704592263,0.6694149349658445,-0.25758839793104105,-0.49533551472102627,-0.8117109809254178,-0.14617463137697706,-0.5596646409676282
