Date,returns,pce_price_index,unemployment_rate,nonfarm_payrolls,industrial_production,capacity_utilization,housing_starts,building_permits,retail_sales,durable_orders,consumer_confidence,fed_funds,epu_index,t10y2y_spread,t10y3m_spread
1998-01-02,0.3245291329067161,1.2692270736801385,-1.7802214597200823,1.6760279002133287,1.542791715844925,1.3608428621037136,0.5547729176295583,0.355397543063103,0.4537636373507752,2.4448273105961027,1.3379858310920545,-0.5050353741720576,0.9357064634983112,-1.8973095864546394,-1.140176299076782
1998-01-05,0.11294249657305294,1.2528193492309168,-1.742312894203342,1.6502383359470594,1.5198489371070651,1.338859166271356,0.5451951873438869,0.3446489479350923,0.4427836369284518,2.3934535833640784,1.3256464559277075,-0.5172741164541685,0.9213925241844361,-1.8604426659373277,-1.1408371427880168
1998-01-06,-0.8703703532566066,1.2369835960306574,-1.7059919203004994,1.6255843923769409,1.49780018521885,1.3174812856896918,0.5356560888263731,0.3338411024841711,0.43208369341012803,2.3457417328983095,1.3142483543393915,-0.5297876451874487,0.9072870249943373,-1.825296764378451,-1.1438891176442565
1998-01-07,-0.2515166929448308,1.2217170908264932,-1.671138119790911,1.6020217712808216,1.476614759825813,1.2966799280882186,0.5261529691827705,0.3229675590897335,0.42179361104484175,2.301406313413072,1.3038434955882703,-0.5425899865037292,0.8933824627663951,-1.7917533352159354,-1.1498384174348364
1998-01-08,-0.675744238943615,1.2026417347277736,-1.641301177225176,1.5736065222242934,1.4531491715274087,1.2775837006373383,0.5233224032929226,0.31051508678254736,0.4088955030026958,2.2371577050635025,1.2826320964687836,-0.5305406087136084,0.8887972556024971,-1.75742641477255,-1.132750667766937
1998-01-09,-2.2730072931822622,1.1840051918432701,-1.612609654238618,1.5462020816364501,1.430457016655895,1.2590247747085432,0.5205001722454191,0.2979011706178845,0.3958419948455803,2.176990098447914,1.2619546369340875,-0.5184700466691264,0.884240771545266,-1.724553008388172,-1.1160400385442664
1998-01-12,0.9224528060700566,1.0656928599687778,-0.8490976499895801,2.143791438751666,1.6863641502026023,0.7866493657610426,1.536752978651227,-0.11192459911590627,1.4717238331187699,-1.1076404455335418,-3.1947227278553805,-1.5478597474543159,-1.3119245096093064,-1.783080269638204,-2.105583241522516
1998-01-13,1.0169739394545474,1.0494339668834347,-0.8355170050184659,2.0933451434779533,1.6576674484530936,0.7737679237483708,1.5124643315275523,-0.12671947530340041,1.4579903816355992,-1.104299047869375,-3.0711396548755343,-1.5245212473594387,-1.2900586456664715,-1.749664490056365,-2.0595939391659464
1998-01-14,0.4435226288373887,1.0334713572952337,-0.822086237526904,2.0456939615580896,1.6301283288760033,0.7610083861609458,1.4888878586238536,-0.14194707436824414,1.4453785033201183,-1.1009737749641741,-2.959462228730137,-1.5020817434358993,-1.268739340262089,-1.7176629399111147,-2.0160920658345334
1998-01-15,-0.58945614840635,1.0177932139628068,-0.8087983691647024,2.0005878582595016,1.6036848172755733,0.7483652508948392,1.465984853763437,-0.15764341821319447,1.4339398140541335,-1.0976644744636939,-2.8578505000840217,-1.4805083250914155,-1.2479379455887236,-1.6869839844751169,-1.974873680642171
1998-01-16,0.827147537470308,1.0023884594192285,-0.7956466810029988,1.957808382670622,1.5782816056076132,0.7358332851386767,1.44371947077193,-0.1738487005781166,1.4237411960232562,-1.0943709960083052,-2.7648402978211273,-1.459772680983253,-1.2276277421023163,-1.6575454781846064,-1.9357600221597515
1998-01-20,1.2964280527201912,0.9872467216428148,-0.7826247019260885,1.9171638405681535,1.553869474764435,0.723407534025404,1.4220584557526392,-0.19060794728514027,1.4148678128851702,-1.0910931911993385,-2.6792498993944043,-1.4398509421189007,-1.20778376884307,-1.6292737056106732,-1.8985939330613721
1998-01-21,-0.638372553646797,0.9723583053471394,-0.7697261991759846,1.8784853555711647,1.5304048167348445,0.7110833347815941,1.4009709093903338,-0.20797180956301536,1.4074270707276786,-1.0878309135660695,-2.600113563811209,-1.4207235936477451,-1.188382671414275,-1.6021024848258552,-1.8632369240630342
1998-01-22,-0.6342135612976297,0.957714168839326,-0.7569451712295782,1.841623633678493,1.5078492452766394,0.6988563375574975,1.3804280753788702,-0.2259975235092081,1.4015538638849097,-1.0845840185334126,-2.5266332414036228,-1.4023754564718915,-1.1694025654690134,-1.575972408074577,-1.8295667522376202
1998-01-23,-0.4492420260748364,0.943305906504486,-0.7442758432654384,1.8064462896600388,1.4861692869882075,0.6867225344844802,1.3604031516427837,-0.2447500786263225,1.3974175965458486,-1.0813523633902427,-2.458142862232359,-1.3847957421775794,-1.150822913850134,-1.550830199630036,-1.7974754171984333
1998-01-26,-0.06916988566057618,0.9291257370915553,-0.7317126655723818,1.7728356260225522,1.4653361471096877,0.6746782989920438,1.340871121503496,-0.26430365173930803,1.395231703981371,-1.0781358072584157,-2.394081504785635,-1.3679781874864114,-1.132624415779051,-1.5266281747388166,-1.766867500169706
1998-01-27,0.9316237050361676,0.9151664981052219,-0.7192503153720617,1.7406867795043839,1.4453255466466888,0.6627204380623406,1.321808602344085,-0.28474338090032325,1.3952667626947237,-1.0749342110623716,-2.3339729472720596,-1.3519212776194829,-1.1147889067013594,-1.5033237868479887,-1.7376587874713159
1998-01-28,0.6328939209295373,0.9014216467689884,-0.7068837026824115,1.709906168447487,1.4261176296074294,0.650846260975556,1.3031937096666217,-0.3061675792487404,1.3978688672239412,-1.0717474374993488,-2.2774098809533556,-1.3366285718952327,-1.0972992675782782,-1.4808792530569872,-1.70977513277302
1998-01-29,0.5973550471474232,0.8878852681941481,-0.6946079810470904,1.680410188497655,1.407696941391822,0.6390536692935808,1.2850059347231495,-0.32869052440617336,1.403485926221321,-1.0685753510102474,-2.224041578936608,-1.3221091498482656,-1.0801393425675543,-1.4592612500802362,-1.6831515225926628
1998-01-30,-0.424530407530434,0.8745520916236725,-0.6824185642168936,1.6521241150020076,1.3900524817944588,0.627341274478266,1.267226034145255,-0.3524460097202466,1.4127061987793263,-1.065417817751031,-2.17356416044807,-1.3083782025979025,-1.0632938641699643,-1.4384406750631735,-1.6577313176422237
1998-02-02,1.5732332853723598,0.861417515876385,-0.6703111502121929,1.6249811790151045,1.373177838829632,0.615708551842172,1.2498359302042983,-0.37759191709074486,1.4263163544083028,-1.0622747055646986,-2.1257128285159754,-1.2954578027061314,-1.0467483850313497,-1.4183924674637476,-1.6334656493090751
1998-02-03,0.31508339698797594,0.8484776454615953,-0.6582817546527346,1.5989217905804103,1.357071412835884,0.6041560427851359,1.2328186205113716,-0.40431617919788987,1.4453918291282553,-1.059145883953862,-2.0802556249472315,-1.2833778972226897,-1.0304892156881542,-1.3990954899839076,-1.6103129562208784
1998-02-04,0.027423642502585565,0.835729339256372,-0.6463267558574031,1.5738928883664545,1.341736744306765,0.5926856219327433,1.2161580961174856,-0.4328446611026346,1.4714429387421257,-1.0560312240538168,-2.036988363976857,-1.2721775842792598,-1.0145033676290294,-1.3805324682983968,-1.5882386508249007
1998-02-05,-0.2846466463531905,0.8231702741780735,-0.6344429550523669,1.5498473991367354,1.3271829639376063,0.5813008525727797,1.1998392671042748,-0.4634517395542094,1.5066622848855242,-1.052930598606174,-1.9957304902952133,-1.2619067553406143,-0.9987785011183122,-1.3626899911721797,-1.5672149105115742
1998-02-06,0.6266499499486072,0.8107990269928669,-0.6226276561755792,1.5267437941781643,1.3134253899134825,0.5700074637923315,1.1838478948675657,-0.4964747476459206,1.5543679286971692,-1.0498438819329845,-1.9563216684448241,-1.252628215880835,-0.9833028772906278,-1.3455585745850243,-1.5472205923011415
1998-02-09,-0.1838575573655512,0.7986151783024092,-0.6108787713604282,1.504545732902603,1.3004863061032021,0.5588139977587435,1.1681705303923984,-0.5323340786102767,1.6198552166525315,-1.0467709499114193,-1.9186189556435285,-1.2444204411608142,-0.9680653140810535,-1.3291327958138812,-1.5282412747674827
1998-02-10,0.5646243831133511,1.05174538194036,-1.4901303989976806,1.9349070038431215,1.5950226104516048,-0.020766019322211546,0.4980384531123632,3.7041417578247793,2.456291783631756,-0.9419745410391738,0.686889364334622,2.3568863586665803,1.8873250585319257,-0.18926408936310837,-1.695450899000554
1998-02-11,0.010043893356241526,1.0368457277841032,-1.464696783815823,1.8929601465499943,1.5700196780306162,-0.035666643545529335,0.48796685668479084,3.5018591366718756,2.3858842470462953,-0.9321410075266056,0.6905115204074529,2.2883968485024178,1.8461005253059246,-0.18414677461778065,-1.663194076516007
1998-02-12,0.23869436768016825,1.0222644433181822,-1.4400678757857859,1.8529984524032133,1.5459928139935524,-0.0510046836697334,0.47790977371154086,3.327143338667418,2.320332697595119,-0.9224254941964176,0.6941538790134587,2.224441122714185,1.8067585015977177,-0.17902673304132105,-1.6321311918662147
1998-02-13,-0.36756702110344536,1.0079957960137251,-1.4161997303900962,1.8148638173989633,1.5229005626152115,-0.06681991858421933,0.4678637458653127,3.174164290041451,2.259092243036696,-0.9128247121361146,0.6978166930197002,2.164513804440748,1.7691491914496005,-0.173903534726015,-1.6021819587026906
1998-02-17,0.11833168962090287,0.9940352876145554,-1.3930520662881634,1.7784157686712498,1.5007065870501388,-0.08315711493456582,0.4578252748574841,3.0386878217761972,2.201701243983891,-0.9033354890738553,0.7015002196106047,2.10818510886528,1.7331391077702019,-0.16877674690887592,-1.5732734019845809
1998-02-18,0.6256216952212236,0.9803797222668713,-1.3705879290853773,1.7435290621354103,1.479379392093819,-0.10006688948936322,0.44779081492427697,2.917554369267001,2.1477657236049272,-0.8939547639020861,0.7052047203847387,2.0550868726178892,1.6986088662596146,-0.16364593377168044,-1.5453390190444818
1998-02-19,-0.3585965944822152,0.9670272978187875,-1.3487733981232335,1.7100916748349206,1.458892120780439,-0.11760676221887681,0.4377567649504127,2.8083518119064035,2.0969472166068526,-0.8846795815089742,0.7089304614542487,2.004901616646002,1.6654513353685474,-0.15851065623719174,-1.518318055451777
1998-02-20,0.3854300513423291,0.9539777245818094,-1.3275773308785415,1.6780031183044306,1.4392224223760304,-0.1358424523087203,0.4277194601812659,2.709202400321133,2.0489531964057908,-0.8755070878972011,0.7126777135471343,1.9573538933475279,1.6335700764693262,-0.15337047176133917,-1.49215487754407
1998-02-23,0.22092241382697064,0.9412323770947999,-1.306971140478701,1.6471730148077846,1.4203523915663192,-0.15484948661841266,0.41767516346992867,2.6186195428715995,2.003529459175036,-0.8664345255713917,0.7164467521122855,1.9122033745137639,1.6028780220991101,-0.1482249341211026,-1.4667984267237237
1998-02-24,-0.649435747328165,0.9287944860683613,-1.2869286026176399,1.617519890260314,1.4022685809871136,-0.17471521417109606,0.40762005600008394,2.5354088978262856,1.9604540102986248,-0.857459229176685,0.7202378574275445,1.8692392805859526,1.5732963506845596,-0.1430735931978436,-1.4422017432071048
1998-02-25,0.8554996862592533,0.9166693798332025,-1.2674256888215905,1.588970146904291,1.3849620918362864,-0.1955413542838278,0.39755022741948104,2.458598430670505,1.919532116600493,-0.848578621372346,0.7240513147107686,1.8282758539414097,1.5447535243541755,-0.1379159947558148,-1.418321549005781
1998-02-26,0.34207496558414424,0.9048647874731671,-1.248440423592004,1.5614571860411288,1.3684287503054087,-0.21744725471840046,0.3874616653115717,2.387387916221663,1.880592272119658,-0.8397902089254633,0.7278874142339891,1.789148652462312,1.5171844628614901,-0.1327516802155729,-1.395117881616617
1998-02-27,-0.0425823621225654,0.8933912196686316,-1.2299527634650231,1.5349206568212814,1.352669381180879,-0.24057410733013904,0.3773502439248123,2.321111802914148,1.843482886432782,-0.8310915790108665,0.7317464514409062,1.751711493225298,1.4905298317013003,-0.12758018642200625,-1.3725537712826927
1998-03-02,-0.22231241046954384,0.8822624484978393,-1.2119444964907204,1.509305811611774,1.3376901944651103,-0.2650904741710998,0.3672117120697808,2.2592114518836226,1.808069549482317,-0.8224803957044207,0.7356287270676541,1.7158339156269207,1.4647354265164714,-0.12240104540667554,-1.3505949558221553
1998-03-03,0.22091811320158553,0.8714961146454385,-1.1943991610688407,1.4845629520785337,1.323503306627781,-0.29119963663431914,0.3570416800834047,2.201214076561034,1.7742327602488448,-0.8139543966576697,0.7395345472671245,1.6813990626776283,1.4397516391005145,-0.11721378414415301,-1.3292096279569174
1998-03-04,-0.4438144944206075,0.8611145004893579,-1.1773019834946878,1.4606469530353277,1.3101274256359294,-0.31914952710307803,0.3468356057473194,2.146716552046718,1.7418660316552104,-0.8055113899428207,0.7434642237368378,1.6483019013159907,1.4155329928796345,-0.11201792430204192,-1.3083682108462098
1998-03-05,-1.0183074868282647,0.8511455217152469,-1.1606398339862476,1.437516853486044,1.297588738968299,-0.34924639375731925,0.33658877903312073,2.095372817666615,1.7108743030783498,-0.7971492510576543,0.7474180738504865,1.6164477194016817,1.3920377378434428,-0.10681298198432851,-1.2880431581720646
1998-03-06,1.5023525512432323,0.8416240104143221,-1.1444012013971687,1.4151355062380744,1.285922057459744,-0.3818739860883652,0.3262963055306918,2.046883967512963,1.6811726063810262,-0.7888659200807696,0.7513964207934061,1.5857508499093786,1.3692274965905715,-0.10159846746771524,-1.2682087756591482
1998-03-09,-0.3400313586544394,0.8325933922063645,-1.1285761872885682,1.393469279089371,1.2751722866202688,-0.41752111783606055,0.31595308839686814,2.0009903772849222,1.6526849426130221,-0.7806593989681987,0.7553995937019462,1.5561335827889473,1.3470669545449165,-0.09637388493056769,-1.2488410613595025
1998-03-10,0.8106019375320452,0.46855690228305413,-1.1131565205568605,1.7224730780121893,1.4085275812866456,-2.3556564792975125,1.313337011716954,4.26921839858704,1.4086829164400152,0.42433632122445775,2.9304376673616375,-0.7509359032117683,-0.6051272161978564,-1.4198713372728888,-1.3626963637629925
1998-03-11,0.2234708269583405,0.4561747257820929,-1.098135594422142,1.6928211442063312,1.3987470341597186,-2.4067048645101465,1.2922930483726764,3.9742326125638785,1.3878762947548071,0.42072962464130526,2.8316705576752,-0.7458579887334967,-0.6136276798802043,-1.3948937748872934,-1.340597808026665
1998-03-12,0.005697629177379105,0.44347294244522645,-1.0807997104080416,1.665021214810315,1.3785307155272248,-2.368375965618795,1.279171470387462,3.7246377850188437,1.3664998264494184,0.41511642310304947,2.7236847294307163,-0.7344919528575331,-0.6107097350047718,-1.3735882787645135,-1.3196889895904598
1998-03-13,-0.20477905027471752,0.43064981320080237,-1.0637812972221412,1.6383866123993727,1.3589921313328706,-2.3315358457950683,1.2668458574327044,3.513822036104044,1.345768390691364,0.40951998786920635,2.625535450839035,-0.7232252455211126,-0.6078017875981598,-1.3529390941653117,-1.29936001704639
1998-03-16,0.6948391224060299,0.417687407098593,-1.0470655363846444,1.612860657061498,1.3401111044048217,-2.2960868753901775,1.255350387754862,3.3325427873576725,1.3256555188073387,0.4039397869251592,2.5357637201298386,-0.7120535664574237,-0.6049037396073794,-1.3329202243594005,-1.2795857672026139
1998-03-17,-0.02115321686598976,0.40456572727010404,-1.0306383837152682,1.5883934328861442,1.3218705241837256,-2.261940187021577,1.2447289113293565,3.1743786758643675,1.306137331753394,0.3983752937503672,2.453197105270847,-0.700972727420555,-0.6020154941097012,-1.3135083601452344,-1.2603432612828527
1998-03-18,0.28798999015745197,0.39126230253362615,-1.0144865101951872,1.5649412991478855,1.3042563191779306,-2.2290146882747197,1.2350367895050645,3.0347103272198894,1.2871924045843903,0.3928259870669324,2.3768811242708843,-0.6899786443203101,-0.599136955294581,-1.294682753573773,-1.2416115336057425
1998-03-19,0.2178734733298992,0.37775167509620167,-0.9985972477537705,1.5424665052880904,1.2872574744769414,-2.197236207138219,1.226343276389236,2.910117934029606,1.2688016598361134,0.3872913505928862,2.3060297050824885,-0.6790673296886889,-0.5962680284459289,-1.276425122806515,-1.2233715217596766
1998-03-20,0.6035859504027556,0.364004750188111,-0.9829585394641153,1.5209369018799412,1.270866097641975,-2.16653674957997,1.218734625459891,2.7980080781679266,1.250948288857369,0.3817708727999632,2.239988754941247,-0.6682348854447107,-0.5934086199247144,-1.2587195875185104,-1.205605977022389
1998-03-23,-0.36647375509661656,0.3499879594792353,-0.9675588936893793,1.5003257428675016,1.2550775380102681,-2.1368538522706793,1.2123181818366142,2.69637333982787,1.2336177008174547,0.37626404667550123,2.1782089260158797,-0.6574774959283196,-0.5905586371518979,-1.2415526350492538,-1.1882993942107005
1998-03-24,0.6511540453574314,0.33566216918152786,-0.9523873417722566,1.4806115773643742,1.2398905665272266,-2.1081300163671215,1.2072278359093502,2.603632229379775,1.2167974998300186,0.3707703694882877,2.1202249531587536,-0.646791421173111,-0.5877179885916843,-1.2249131183508926,-1.1714379605761973
1998-03-25,-0.37538523292467274,0.3209812315996904,-0.9374333989029884,1.4617782323480109,1.2253076258059685,-2.0803122106195344,1.2036313902629376,2.5185195304750954,1.2004774914108005,0.3652893425580373,2.0656397674652633,-0.6361729903904181,-0.5848865837350871,-1.2087922877260604,-1.1550095238037503
1998-03-26,-0.1893894613155114,0.3058900283407849,-0.9226870278396486,1.4438148908734068,1.211335163403018,-2.0533514339880874,1.2017406674222892,2.440009301809179,1.1846497203629147,0.359820471028335,2.014112133135938,-0.6256185956386902,-0.5820643330838002,-1.19318385943766,-1.1390035796399829
1998-03-27,-0.5053133146867879,0.29032177162649764,-0.9081386051872635,1.4267162741627286,1.1979840655643426,-2.027202329520469,1.2018256277928476,2.3672596293519366,1.1693085432070272,0.3543632636427002,1.9653469195566131,-0.6151246856522427,-0.579251148134369,-1.178084125574347,-1.1234112801992266
1998-03-30,-0.2384709156096628,0.2741941934863673,-0.8937788899708738,1.4104829403695938,1.1852702143205949,-2.0018228425357503,1.2042344957124274,2.2995722203041558,1.1544507395059325,0.3489172325236177,1.9190873692312076,-0.6046877598042272,-0.5764469413626534,-1.163492111151745,-1.1082254645904446
1998-03-31,0.5101459227115482,0.25740401576752703,-0.8795989942630528,1.395121718306086,1.173215198336974,-1.9771739172277814,1.2094231313774833,2.2363623447590495,1.1400756679535051,0.3434818929542408,1.8751088948028136,-0.5943043621800822,-0.5736516262085778,-1.1494097864318982,-1.093440714211888
1998-04-01,0.3679933162944385,0.23981866545794164,-0.8655903556474792,1.3806463014210297,1.161847218136992,-1.9532192266822255,1.2179990738185749,2.1771361316820554,1.126185475013548,0.33805676316261946,1.8332140600162912,-0.5839710757379343,-0.5708651170611598,-1.135842345003115,-1.0790534359115387
1998-04-02,0.767104894528162,0.22126338531147718,-0.8517447113193601,1.3670780364734814,1.1512022403745286,-1.9299249320440603,1.2307897026576302,2.1214731826655546,1.1127853663498184,0.3326413641081301,1.7932284863790207,-0.5736845165309364,-0.5680873292438128,-1.1227985614876776,-1.0650619772641048
1998-04-03,0.08908748300369157,0.20150024680967882,-0.8380540736394655,1.3544469535713475,1.1413254754380646,-1.9072594671837908,1.2489517296814219,2.0690130912325544,1.0998839544865577,0.3272352192699641,1.754997490180987,-0.563441327969994,-0.5653181789999162,-1.1102912471276478,-1.0514667795409423
1998-04-06,-0.20022713970384612,0.18019201226054557,-0.8245107069721721,1.3427931008772704,1.1322732804322284,-1.8851933457322105,1.2741550932879357,2.019444871354946,1.0874937003580245,0.3218378544373987,1.7183833006171652,-0.5532381751018136,-0.5625575834786503,-1.0983378273533742,-1.0382705756444761
1998-04-07,-0.9540885579140721,0.15683536201410808,-0.8111071056500352,1.3321682702890785,1.124115629493744,-1.8636989877859105,1.3089090365565446,1.9724985811585847,1.0756314720500066,0.31644879750171484,1.6832627438893994,-0.5430717388786274,-0.5598054607210811,-1.0869610733612225,-1.0254786424766367
1998-04-08,-0.6626108786572682,0.13062564246727418,-0.797835972916553,1.3226382327454715,1.1169393517296369,-1.8427505639562385,1.357180756421658,1.9279386227254407,1.064319251677701,0.3110675782494471,1.6495253037115833,-0.5329387103956678,-0.5570617296465009,-1.0761900305860186,-1.0130991200967119
1998-04-09,0.5792223313177985,0.1001463231141124,-0.7846902007071478,1.3142856480253409,1.1108524238626902,-1.8223238547461669,1.4256756380458857,1.8855583356355565,1.0535850318260758,0.3056937281568362,1.6170714879474626,-0.5228357850710011,-0.5543263100390137,-1.0660612020372586,-1.0011434138588295
1998-04-13,-0.1656455067671879,0.36286931789134597,0.15617376188786308,1.5924593727527103,1.1492755698385384,-3.616099406139544,0.9056296889990706,1.2347124731171464,2.413418978163184,-0.44965531615961624,0.03566426171708142,-1.4313153592182049,-1.3272370956176334,-1.056620065712479,-0.19324997233256982
1998-04-14,0.3484260430648638,0.349344768742989,0.17391832622090875,1.5671081919800447,1.1342394662687736,-3.416654689596146,0.8965539022778223,1.2151654579320512,2.3397179052737793,-0.4481431319910218,0.03406139418987123,-1.4061414667310128,-1.321865236453166,-1.042655227043333,-0.17912120297296247
1998-04-15,0.16166881431932456,0.33557841405197697,0.19237030821895937,1.5427271141579637,1.1196478107393761,-3.2442610771174363,0.8875781939323124,1.196056550000203,2.27116321854785,-0.44663324119622183,0.03245826905120243,-1.3816985603627214,-1.3165336927171034,-1.0290576060072076,-0.16465100306146488
1998-04-16,-0.9063459756670693,0.32153895582033776,0.21160368475645885,1.5192726559829386,1.1054998203527164,-3.0931938759682924,0.8786999458019876,1.1773645472510652,2.2071519775785586,-0.4451256306576812,0.03085487376926692,-1.357944711565851,-1.3112419001371798,-1.0158285464554295,-0.14980355424809272
1998-04-17,0.966162368867357,0.30719044941137896,0.23170360894830283,1.4967063597269115,1.091797207862613,-2.9592951395476446,0.8699166261595356,1.1590695529143356,2.147175804386268,-0.4436202873322363,0.029251195797661316,-1.334841174166525,-1.3059893054409661,-1.002971603280043,-0.13453820303033062
1998-04-20,-0.04387181480338683,0.2924912514451828,0.25276872523083466,1.4749944811372262,1.0785444269680962,-2.839461851838682,0.8612257859143304,1.1411528697476914,2.090802595086696,-0.4421171982504495,0.027647222574886648,-1.3123520757725486,-1.3007753660804613,-0.990492807015419,-0.11880852934063495
1998-04-21,0.09938023779706635,0.2773926550380467,0.27491410276059425,1.4541077475673572,1.0657489853523798,-2.7313247304645523,0.852625055015348,1.1235969043961385,2.0376623792476267,-0.4406163505159711,0.02604294152384664,-1.2904441449753445,-1.2955995499650739,-0.9784009970953976,-0.10256118405897746
1998-04-22,0.16693821122736308,0.26183709360090873,0.29827499313407324,1.4340211825837137,1.0534218411621712,-2.633039041783546,0.8441121390410566,1.1063850807447984,1.9874362587691605,-0.43911773130490583,0.024438340051344314,-1.2690864695443933,-1.2904613352027015,-0.9667082409984666,-0.08573442377370818
1998-04-23,-0.9007164485784646,0.2457557383341971,0.3230117021286689,1.414713995280854,1.0415779035881674,-2.5431440012744546,0.835684815964879,1.0895017612713571,1.9398476635193538,-0.4376213278651869,0.022833405547577016,-1.2482502815436702,-1.2853602098486088,-0.9554303620703383,-0.0682562440196555
1998-04-24,-0.954645919530619,0.2290652261366031,0.34931598968288097,1.3961695345376965,1.0302366649206252,-2.460465670091857,0.8273409330856349,1.0729321755283872,1.8946553710140137,-0.4361271275159561,0.02122812538562973,-1.2279087659072814,-1.280295671661837,-0.944587606420624,-0.050041972853580814
1998-04-27,-1.68214056439071,0.21166311128536042,0.3774196013183588,1.3783753105655907,1.0194230006427782,-2.384048286692723,0.8190784041128786,1.0566623549925493,1.8516478842323079,-0.4346351176469488,0.019622486920966634,-1.2080368895172295,-1.275267227868875,-0.9342054898356992,-0.030991128399052645
1998-04-28,-0.20792871630413873,0.19342139452766724,0.4076058274306442,1.3613230884571785,1.009168186868171,-2.3131046869114678,0.8108952063979571,1.0406790736095222,1.8106388657776706,-0.43314528571788574,0.018016477490920915,-1.1886112482531601,-1.2702743949343358,-0.9243158804631505,-0.010983256173104835
1998-04-29,0.6694427242121551,0.17417706793540233,0.44022545315916534,1.3450090611946932,0.999511202336792,-2.24697984095547,0.8027893783022495,1.0249697934432844,1.7714634014352246,-0.4316576192578711,0.016410084414182735,-1.1696099298405054,-1.2653166983383977,-0.9149583941292884,0.010127673334313875
1998-04-30,1.488912268078546,0.15371786429204976,0.47571922373822856,1.3294341129009657,0.9905004077226482,-2.1851235928367903,0.7947590166943916,1.0095226149072443,1.7339749206552155,-0.4301721058647951,0.014803294990285303,-1.1510123906247358,-1.260393672360771,-0.906182209687896,0.03252094000557025
1998-05-01,0.7057088170961845,0.13175998144917306,0.5146502354607411,1.3146041872721987,0.9821957319908096,-2.127069976839739,0.786802274569069,0.994326231114648,1.6980426416036372,-0.4286887332047434,0.01319609649908903,-1.132799344658037,-1.2555048598709702,-0.8980484567218526,0.0564198019946697
1998-05-04,-0.0865038867335703,0.10791171313219992,0.5577519076802645,1.3005307814564133,0.9746715500166133,-2.0724213137495755,0.7789173587804396,0.9793698859379925,1.663549438276403,-0.42720748901141187,0.011588476200257915,-1.114952663700267,-1.2506498121246725,-0.8906333952228681,0.08210683489892576
1998-05-05,-0.801648516049407,0.08161084102500041,0.6060012767176902,1.2872315926117153,0.9680205174088524,-2.0208358335417147,0.7711025278834999,0.9646433354126004,1.6303900496184611,-0.42572836108552664,0.009980421332762765,-1.097455286923161,-1.2458280885659536,-0.8840327097487898,0.10994644276838995
1998-05-06,-1.1882479324994852,0.05200951869409119,0.6607351464434992,1.2747313536730387,0.9623587536053512,-1.9720179358158445,0.7633560900773467,0.9501368121593464,1.598469567618696,-0.4242513372942702,0.00837191911432464,-1.0802911392674301,-1.2410392566352029,-0.8783674013271981,0.1404189045902019
1998-05-07,-1.1039402401927585,0.017743962425795685,0.7238423518613073,1.2630629074497752,0.9578329602270773,-1.9257104481091407,0.7556764012446842,0.9358409925364966,1.5677021543904395,-0.4227764055707078,0.0067629567409138325,-1.0634450575391,-1.2362828915825252,-0.873792017897166,0.17417371710221627
1998-05-08,1.1465323214383845,-0.023581248199947367,0.798099297420608,1.252268585504366,0.954630376187943,-1.8816884149293762,0.7480618630820717,0.9217469662610547,1.5380099483076788,-0.4213035539132433,0.005153521386217833,-1.0469027234507886,-1.2315585762864452,-0.8705063881526309,0.2121167497073318
1998-05-11,-0.2949619079977598,5.284687757796769,-5.560527037329488,1.8522572133851878,1.4419720343769202,-2.36238367476386,-0.2094656682223681,0.10127629066145291,4.462400071515618,0.26314293808534606,0.8866423934762439,-2.7453279878214167,-0.6682907621748281,-0.5540806939173812,1.4099597184850006
1998-05-12,0.7399751245539415,5.297693819245369,-5.201787607454698,1.834014810877508,1.4477074219081756,-2.2923887410347876,-0.2077382973477771,0.09551356929357255,4.118818562711358,0.2589673230462762,0.8754247088463006,-2.6519773236439916,-0.6722038664582414,-0.5459330800329564,1.5187093851707612
1998-05-13,0.12801321943636298,4.75598435188149,-4.691677811662958,1.8013167776073304,1.4292876871388123,-2.227869363631095,-0.21405946095805364,0.09026411052789497,3.842532676300331,0.2547531848205142,0.8634004027587495,-2.5671959521917396,-0.6604561909268497,-0.5340090900604827,1.5100083277949636
1998-05-14,-0.31673541345459977,4.346506401855305,-4.301716384866494,1.770119635237883,1.4116864858922935,-2.1674490360327434,-0.22043064109631733,0.08500338690132538,3.6119372479916043,0.25054318835049133,0.8515223285109864,-2.4888816834288647,-0.6487739848012919,-0.522072182234726,1.5014079919364627
1998-05-15,-1.047350587494203,4.022548550324118,-3.9907454267041005,1.7403350581806096,1.3948991726528155,-2.110687482223244,-0.22685323861653148,0.07973087709542137,3.415518271152596,0.2463371096605603,0.839785194064403,-2.416221767868448,-0.6371522010442777,-0.5101145419054222,1.4929062632104788
1998-05-18,-0.46603931679172794,3.7576720006775286,-3.7349940435317692,1.7118850064199878,1.3789264672475068,-2.0572080143134777,-0.2333286995494636,0.0744460523717809,3.245458748969253,0.24213472531606445,0.8281839066318399,-2.3485399327772982,-0.6255858190775024,-0.49812798837159816,1.48450108900862
1998-05-19,0.21343729729197725,3.5356381485873882,-3.519644918981598,1.6847007168940793,1.36377486239031,-2.006686171417789,-0.23985851716102147,0.06914837625140051,3.0962395448026747,0.23793581236394634,0.8167135612557906,-2.285268224790045,-0.614069832618891,-0.48610392169476213,1.476190476189544
1998-05-20,0.8270138847671584,3.3458475348968393,-3.3349164070773125,1.6587218754853683,1.3494571769464705,-1.9588407468879137,-0.24644423412426156,0.06383730418371088,2.9638375055722133,0.23374014827347178,0.8053694300955919,-2.2259256459527443,-0.6025992372803592,-0.4740332624694284,1.4679724888743924
1998-05-21,-0.6150307662638946,3.1810473665997865,-3.174055271346414,1.633895946376455,1.3359932863612431,-1.913426632138727,-0.2530874448126546,0.05851228320484254,2.8452411426141904,0.22954751087710729,0.7941469523680603,-2.1701017268507385,-0.5911690178425313,-0.4619063832427983,1.4598452463414342
1998-05-22,-0.581585979550949,3.036084249094523,-3.032228209329292,1.610177641304307,1.3234110726848929,-1.8702290576754956,-0.2597897977227835,0.053172751584470254,2.7381451826891823,0.2253576783114842,0.7830417248908184,-2.1174437423011008,-0.5797741351168211,-0.4497130299959033,1.4518069210146667
1998-05-26,-1.8201676445488268,2.907181869247878,-2.9058721965235708,1.5875285162027009,1.3117476515479658,-1.8290589198564808,-0.26655299803522947,0.0478181384607337,2.640750805559694,0.22117042895841793,0.7720494931821843,-2.0676466516491594,-0.5684095122978831,-0.43744223174762575,1.4438557365414666
1998-05-27,-0.30614274199815344,2.79150099374469,-2.7922948438801,1.5659166871473396,1.3010509540377917,-1.7897489594120526,-0.2733788103232771,0.042447863462588935,2.551630895729585,0.21698554138595036,0.7611661430746167,-2.0204451027374417,-0.5570700207006026,-0.42508219589956486,1.4359899659546562
1998-05-28,0.43140309558895623,2.6868599891522535,-2.689418460413504,1.5453166616683738,1.2913817703106358,-1.752150614077028,-0.28026906141954,0.037061336318916664,2.4696366909628416,0.21280279428934884,0.7503876928028853,-1.9756070170040756,-0.5457504647652166,-0.4126201863755592,1.42820792991464
1998-05-29,-0.8486010431470996,2.591550937501782,-2.5956104799960107,1.5257092856147494,1.2828164029233693,-1.7161314091323907,-0.28722564345173246,0.03165795645376578,2.3938315877858165,0.2086219664320995,0.7397102855307611,-1.932928398871327,-0.5344455662016393,-0.40004238088662175,1.4205079950275228
1998-06-01,-0.11330641932852417,2.5042149540303718,-2.5095677906466594,1.5070818100951189,1.2754501374718592,-1.6815727804647025,-0.2942505170595467,0.026237112566987995,2.323443233249058,0.2044428365867577,0.7291301822829142,-1.8922291024171465,-0.5231499471292277,-0.3873337027181222,1.4128885722353433
1998-06-02,0.10994712644916196,2.423755419440665,-2.4302358167539917,1.4894280878692985,1.2694018259925668,-1.6483682478937958,-0.3013457148056612,0.02079818219947609,2.257828216410986,0.20026518347569425,0.718643755251664,-1.8533493533515493,-0.5118581120507232,-0.37447762121966,1.4053481152748033
1998-06-03,-1.2334666772414336,2.349276210245392,-2.3567506494446535,1.4727489142659769,1.2648200106046685,-1.616421874066168,-0.3085133447949231,0.015340531282292201,2.1964456207575016,0.19608878571166882,0.7082474814498321,-1.8161468719592315,-0.5005644284784263,-0.3614559135796301,1.397885119201073
1998-06-04,1.1953819947542317,2.2800368363543786,-2.288396845954476,1.4570525347105248,1.2618912173960595,-1.5856469576327115,-0.3157555945171259,0.009863513668748427,2.1388369233200932,0.19191342173819814,0.6979379366837706,-1.780494477962394,-0.4892631060062669,-0.3482483783458004,1.3904981189734371
1998-06-05,1.886485891697869,2.215419274013389,-2.224576117529419,1.4423553498659738,1.2608513684361398,-1.5559649197801178,-0.32307473492981725,0.004366470648635321,2.0846105151953993,0.1877388697696863,0.6877117898220332,-1.746278084670768,-0.47794817359257696,-0.3348324883107943,1.3831856880997564
1998-06-08,0.06332839813569573,2.154903052506935,-2.164783733209898,1.428682861069588,1.262001771617556,-1.5273043512314373,-0.3304731247993068,-0.0011512695563706116,2.0334296377600753,0.18356490773124792,0.6775657973369572,-1.7133950097472297,-0.46661345478423244,-0.3211829665292473,1.3759464373368555
1998-06-09,0.15790622611057878,2.098046271315583,-2.108590488009903,1.4160709143998487,1.265731995987745,-1.4996001931301586,-0.3379532153194555,-0.006690392317139667,1.9850028779356037,0.17939131319826113,0.6674967980983691,-1.6817525451397508,-0.45525254057231984,-0.3072712639506587,1.3687790134441422
1998-06-10,-0.7560445441644752,4.4822887484082194,-1.3409908791529224,2.336365314062597,2.540597458872035,-1.4277260672683532,-0.4972055197818719,0.08887911466556657,2.2061488522302404,0.12737849026292458,-0.19812218893080763,-0.4397981299714482,-0.35392259291813594,-1.5349172114061558,0.35459391233087917
1998-06-11,-1.9368294120348843,4.131739485361439,-1.3182261229407048,2.298684922863809,2.5342481349209156,-1.4030218053979426,-0.5040428569344625,0.08268797152589667,2.1484130158543917,0.12357533561696434,-0.20113803396212088,-0.43703654370598694,-0.3426971244393699,-1.5215786460260892,0.36138785211603575
1998-06-12,0.3294607734814116,3.8477624235081054,-1.2978063952099113,2.244370816956054,2.467169282844296,-1.380107657769502,-0.5161098811388839,0.07323623917593725,2.0969959377498224,0.1400623607874555,-0.1989279919568338,-0.4297679242636768,-0.3332139795702903,-1.4962640041680002,0.3690166241303379
1998-06-15,-2.380070078195856,3.6116822621770286,-1.2778836904794981,2.1934014563202315,2.4048454598351654,-1.3578581652241677,-0.5284430169480114,0.06369038250464433,2.0484412429695658,0.1571324644802099,-0.1967194935417652,-0.4225189833124763,-0.3237039692995899,-1.4717130184264247,0.37673523382221835
1998-06-16,0.9935061338259353,3.4112046768739828,-1.2584336593079037,2.1454708223185115,2.3467747349162127,-1.3362403705012151,-0.541055631049586,0.05404524901842897,2.002488395814998,0.17484196782001124,-0.19451250606714704,-0.41528857389268925,-0.31416356033623993,-1.4478825200126912,0.38454652982251053
1998-06-17,1.8915520175672202,3.238049049822147,-1.239433531259593,2.1003146792363405,2.2925319438710825,-1.3152239681142122,-0.5539620353961261,0.04429541192211775,1.9589099766453157,0.19325494202431992,-0.1923069969734166,-0.4080755560108047,-0.30458910802004985,-1.4247326408590126,0.3924534795869676
1998-06-18,-0.19916804732476853,3.0864061348148613,-1.2208619832693102,2.057703974773073,2.2417548586517837,-1.2947810917679081,-0.567177576124184,0.034435147882765166,1.9175065509177087,0.21244466914865096,-0.19010293378882465,-0.40087879573388874,-0.2949768462887002,-1.4022264936325997,0.40045917606070675
1998-06-19,-0.7029351048185147,2.952063439385461,-1.2026990211308883,2.017439534459148,2.19413337446365,-1.2748861293176377,-0.5807187329476623,0.0244584126309309,1.8781024897899652,0.23249545625498644,-0.18790028412697318,-0.3936971642892206,-0.28532287687589336,-1.3803298888748676,0.4085668448048762
1998-06-22,0.12953014856841122,2.83188151200886,-1.1849258725877436,1.9793477707059186,2.149400980312535,-1.2555155623958834,-0.5946032305188881,0.01435881414131522,1.8405425419327424,0.25350490918641966,-0.18569901568445032,-0.38652953716707145,-0.2756231576554589,-1.3590110842750114,0.41677985162406156
1998-06-23,1.510173525019292,2.723466009456634,-1.1675248907020628,1.9432771964514328,2.107327980269342,-1.2366478283637627,-0.6088501635024163,0.004129583098507833,1.8046890035846233,0.2755868108324115,-0.18349909623841612,-0.37937479322510625,-0.26587349003601746,-1.3382405618459334,0.4251017107367213
1998-06-24,1.1859901523434822,2.6249545258849087,-1.1504794663507159,1.9090955842029107,2.0677160743327847,-1.2182632027122458,-0.6234801374076422,-0.006236459688505488,1.7704193689914396,0.2988748043054646,-0.18130049364422868,-0.3722318137928751,-0.2560695052990934,-1.3179908294011056,0.43353609353510064
1998-06-25,-0.5329445971637887,2.534873544171989,-1.1337739488427405,1.8766876491092666,2.0303940089087065,-1.200343700463584,-0.6385154275870893,-0.016746939308314408,1.7376243696603715,0.3235271624616141,-0.17910317583308202,-0.36509948177427864,-0.24620664976014553,-1.2982362432570451,0.44208683798574405
1998-06-26,0.21551303014733697,2.452039778403956,-1.1173935737780825,1.845953163264039,1.9952140802737952,-1.1828729955149289,-0.6539801592422043,-0.027409966648168808,1.7062063307426942,0.34973304550792356,-0.17690711080962745,-0.35797668074680117,-0.23628016861656354,-1.2789528495267402,0.45075795872691127
1998-06-29,0.3516385889974331,2.375490491312007,-1.1013243973761597,1.8168054303612333,1.9620493284560323,-1.1658363572450348,-0.6699005118050065,-0.0382341826838933,1.6760777880437543,0.37772083067971074,-0.17471226664966188,-0.3508622940553515,-0.2262850883289215,-1.2601182417397678,0.4595536579249901
1998-06-30,-0.6361590131058661,2.3044332360108037,-1.0855532365956342,1.7891700669831905,1.9307912995244179,-1.149220604075359,-0.6863049517033069,-0.04922880774734848,1.6471603208630443,0.40776938011544306,-0.17251861149777625,-0.34375520389892555,-0.2162161973613133,-1.2417114328372902,0.4684783369584999
1998-07-01,1.3543158358798835,2.2382089293196126,-1.0700676144474635,1.7629840505572454,1.9013482853586172,-1.133014074064898,-0.7032244982986503,-0.06040369645329678,1.6193835649745074,0.44022356063314855,-0.17032611356501434,-0.33665429040866196,-0.20606802508289573,-1.223712739854566,0.47753660900551964
1998-07-02,-0.3758648892942561,2.1762642680506836,-1.054855709973736,1.7381950054117503,1.873643974423115,-1.1172066130264697,-0.7206930287442438,-0.07176939907789108,1.5926843772110402,0.47551605872375086,-0.16813474112659713,-0.3295584307150387,-0.19583481860531163,-1.206103679828151,0.48673331261854297
1998-07-06,0.9437913194707438,2.1181308163335335,-1.0399063124248449,1.714760708202281,1.8476164670010216,-1.1017895811109524,-0.7387476286922882,-0.08333723031187336,1.567006128794382,0.5141987605647539,-0.16594446251957284,-0.3224664980024611,-0.18551051729875123,-1.188866875656232,0.49607352637989177
1998-07-07,-0.4263940859691276,2.0634089367885724,-1.0252087792213072,1.6926488029430955,1.8232176253619004,-1.0867558793276508,-0.7574289972451125,-0.09511934646785486,1.5422981091083159,0.5569891019467704,-0.16375524614055972,-0.31537736054924176,-0.17508872469220876,-1.1719859708038982,0.5055625847411526
1998-07-08,1.0054500456315527,2.0117552926333495,-1.0107529973323193,1.6718367245823824,1.800412744772226,-1.072099998088404,-0.7767819163718775,-0.10712883240782836,1.5185150253193729,0.6048406620474664,-0.16156706044344157,-0.3082898807509297,-0.16456267742001845,-1.155445551885158,0.5152060951616781
1998-07-09,-0.9539573320155008,1.9628730188724028,-0.9965293477436394,1.6523118391142966,1.7791805462984305,-1.0578180906096901,-0.7968557973039193,-0.11937979968155822,1.495616586312285,0.6590546207976399,-0.15937987393706604,-0.3012029141248464,-0.15392521082580082,-1.1392310782737636,0.5250099566743475
1998-07-10,0.3947145121013469,1.0978458392256103,-0.31976473969470476,2.1481927730217976,0.6327958359256662,-2.802652989469184,3.87605195517181,-0.1820360842573907,2.379167227674469,-1.7832534495232868,-0.5069058870605428,1.8611422002556346,-0.7564148248024275,-2.5334094920153283,-0.900425855383369
1998-07-13,-0.13657096162468857,1.0809116062846094,-0.31446658980045944,2.114689451276462,0.6216257987392483,-2.7172473028864434,3.67421166888868,-0.19489060404217287,2.3209626359509503,-1.8284826001885244,-0.5014539201437038,1.829195371919548,-0.7434999691362119,-2.451100114244384,-0.8863325227524632
1998-07-14,1.0906749242405103,1.0638743990731983,-0.3049873170992054,2.0673004447834256,0.6094197115632413,-2.6302348599636223,3.471419188274503,-0.210465559757876,2.2565043222059558,-1.8133228459770272,-0.5191006244465413,1.7911815036805034,-0.7438307733269167,-2.375975927430784,-0.8814463712794844
1998-07-15,-0.506082737720491,1.047140119460271,-0.29547268384770853,2.0224841228170507,0.5972366294587447,-2.550198890259377,3.2962764604386265,-0.22653750274264794,2.196167691048096,-1.7984429089307488,-0.5373835863383164,1.7547765966676045,-0.7441617360116242,-2.306165182078245,-0.8765925148068047
1998-07-16,0.7605997548046185,1.0306946833370354,-0.28591897111263825,1.9800228686236105,0.5850692698620833,-2.4762489870087028,3.1429110268462366,-0.24314812600861466,2.139512389933015,-1.783833717370773,-0.5563534211949374,1.7198594490838837,-0.744492857361846,-2.2410397857062505,-0.8717704828275342
1998-07-17,0.06744151668550019,1.0145247231887988,-0.2763223281996475,1.9397260120050899,0.5729101223490737,-2.4076487701609066,3.007062969857677,-0.26034407161170553,2.086161666946427,-1.7694866075600548,-0.5760665649880778,1.6863212237182248,-0.7448241375493444,-2.1800710484682537,-0.8669798139578331
1998-07-20,-0.4936337926246019,0.9986175336498845,-0.26667876121508166,1.9014258993709328,0.560751407153243,-2.3437834187873268,2.8855565294880967,-0.2781777292644258,2.0357910340159626,-1.7553933003604252,-0.5965861737311173,1.6540638653851198,-0.7451555767461314,-2.122810295130244,-0.8622200557060175
1998-07-21,-2.1965406024766603,0.9829610214771011,-0.2569841206976964,1.8649746701973213,0.5485850287699908,-2.284135222929576,2.7759690667692984,-0.29670819916538294,1.988119310366158,-1.7415458795034109,-0.6179831995056904,1.6229987592616941,-0.7454871751244696,-2.0688739100462885,-0.8574907642487608
1998-07-22,-0.2933065701868498,0.9675436594884833,-0.24723408821638454,1.8302415986371083,0.5364025237017107,-2.2282649168511908,2.6764157772869885,-0.3160024606644306,1.9429014773493412,-1.7279367713443095,-0.640337685655039,1.5930455879221128,-0.7458189328568718,-2.017931664559847,-0.8527915042141184
1998-07-23,-2.741896328104903,0.9523544440516409,-0.23742416181707657,1.7971108913499072,0.5241950012046054,-2.175797247282671,2.585405167115509,-0.3361368010763141,1.8999229271744167,-1.7145587259815254,-0.6637403360562729,1.5641313531791676,-0.746150850116103,-1.9696975076912893,-0.8481218484711539
1998-07-24,-0.061970777731763134,0.9373828557583359,-0.22754964018676713,1.7654798569524406,0.5119530756474346,-2.1264096892669144,2.5017393447338727,-0.3571985762315349,1.858994795344608,-1.7014047996333586,-0.6882944299183722,1.5361895353437933,-0.7464829270751797,-1.923922228183959,-0.843481377925908
1998-07-27,0.5179484985109933,0.9226188229555309,-0.2176056053859457,1.7352573810008374,0.4996667887791378,-2.0798235327546326,2.42444357622932,-0.379288398142682,1.8199501436899468,-1.6884683381746564,-0.7141181759731559,1.5091593676370842,-0.746815163907371,-1.8803875542997488,-0.8388696813234965
1998-07-28,-1.9702358330767098,0.9080526878376332,-0.2075869039806567,1.7063626546594075,0.4873255198001383,-2.035796776897714,2.352715464549055,-0.40252287834419687,1.7826408169478416,-1.6757429617438726,-0.7413476306758533,1.482985207551569,-0.7471475607861985,-1.838901369726449,-0.8342863550561198
1998-07-29,-0.6865021549299904,0.8936751748334186,-0.19748812638275776,1.6787241163029465,0.4749178806184595,-1.9941184185627745,2.2858876013205762,-0.42703810238187834,1.7469348371070685,-1.6632225503394498,-0.7701403477316142,1.4576159902017118,-0.7474801178854374,-1.7992938042447086,-0.8297310029767673
1998-07-30,1.7666860086431666,0.8794773610444813,-0.1873035841806938,1.6522785740535344,0.4624315930060817,-1.9546038277867273,2.2233996628621626,-0.45299407827746085,1.7127142304271707,-1.650901230330949,-0.8006799863552474,1.4330047513058322,-0.7478128353791161,-1.761414016102344,-0.8252032362184342
1998-07-31,-2.445022478172173,0.8654506485194531,-0.17702728521213035,1.6269704842713228,0.44985334349953754,-1.9170909793484892,2.16477725103561,-0.4805805000645759,1.679873205113567,-1.6387733618172642,-0.8331821914768994,1.409108209543631,-0.748145713441519,-1.7251275258777965,-0.8207026730186371
1998-08-03,-0.9948769405709581,0.8515867381542465,-0.16665290609457245,1.6027513667615494,0.4371686107463236,-1.881437365378773,2.109615632543135,-0.5100243134787221,1.6483166151276867,-1.6268335267694762,-0.8679021835846142,1.3858863997377289,-0.7484787522471826,-1.6903139934302294,-0.8162289385490631
1998-08-04,-4.1424206096747405,0.837877605044185,-0.15617376188811993,1.5795793422732451,0.4243614584717655,-1.8475174550912483,2.057567090060693,-0.541599792078249,1.6179586590058137,-1.6150765179016415,-0.9051446796320749,1.363302349699008,-0.7488119519709016,-1.6568653534062838,-0.811781664750167
1998-08-05,0.9064686655124896,0.8243154751038436,-0.14558277251595364,1.5574187820373389,0.4114142851914607,-1.8152205984709768,2.008330973482842,-0.5756421746251175,1.5887217728974865,-1.6034973282170057,-0.9452770428621855,1.341321794714431,-0.7491453127877237,-1.6246842428563546,-0.8073604901705476
1998-08-06,0.7719089532507769,0.8108928028070016,-0.13487242551087283,1.5362400628558432,0.3983075190036515,-1.7844492940166043,1.9616457952489657,-0.6125664581040866,1.5605356850767338,-1.5920911411819465,-0.988746984094115,1.3199129245956513,-0.7494788348729556,-1.5936826683325256,-0.8029650598109404
1998-08-07,-0.08845460858496923,0.7976022498834915,-0.12403473458880501,1.5160194248213144,0.38501924195040504,-1.7551177584447235,1.9172828910581832,-0.6528938270557697,1.5333366054842963,-1.580853321483295,-1.036106804946099,1.2990461589811435,-0.7498125184021585,-1.563780870489368,-0.7985950249726756
1998-08-10,-0.7160918179483874,3.107265740040246,-0.11306119347055084,1.7877030935207974,-0.6218120381220082,-2.828641810384652,3.2141907685794884,0.8402599956618831,0.9356798578785601,-2.0382652631481184,-1.3201581444456294,0.7769082336568384,-0.1165778874485098,-0.7583012912549781,-0.35728691001928725
1998-08-11,-1.5048906899501255,2.971460628044691,-0.10727978097746702,1.7535477717810106,-0.6287833341319441,-2.7327328948972784,3.071482317719253,0.8277321316757997,0.9208666035368279,-2.004430715889372,-1.3058673142522377,0.7842637105927777,-0.09991380088635261,-0.7463744624778716,-0.36153200892641635
1998-08-12,1.517217394413538,2.8500650331787694,-0.10148394692153243,1.720834174359637,-0.6358343812805669,-2.6450164374901264,2.9443917896812306,0.815344370906911,0.9062498984739797,-1.9718658995203544,-1.2918421078799365,0.791709081478634,-0.08261653910513571,-0.7346050656251972,-0.3658005464663386
1998-08-13,-0.9924930104091546,2.740629756443895,-0.09567297464666842,1.68946595793324,-0.6429672284732693,-2.5643820212331088,2.8302030429756893,0.8030909482081399,0.8918203572907606,-1.9404886931657126,-1.2780730929328983,0.7992466429445502,-0.06460356578764474,-0.7229952810143745,-0.37009291907359004
1998-08-14,-1.2789995480586196,2.641252455723412,-0.08984613547258562,1.6593566584232295,-0.6501839973444116,-2.489922102595898,2.726820161040255,0.7909662947605468,0.8775689414121286,-1.9102242449758506,-1.2645512951186428,0.8068787739303758,-0.045776931337219315,-0.7115487930378053,-0.37440953128478305
1998-08-17,2.0649527034267736,2.5504298968934527,-0.08400268812874816,1.6304285516270376,-0.6574868856602395,-2.4208869038753575,2.6325963721935954,0.7789650252974419,0.8634869306366887,-1.881004163527709,-1.2512681698334889,0.8146079395542121,-0.026019206780246266,-0.7002710861476507,-0.378750795966961
1998-08-18,1.6681657856226204,2.4669562570152057,-0.07814187816715766,1.6026116864211484,-0.6648781709179378,-2.356651019410812,2.5462173479376107,0.7670819260496424,0.8495658962536835,-1.8527658166045704,-1.2382155758747884,0.8224366952056286,-0.005188007820676301,-0.689169824878615,-0.3831171345537761
1998-08-19,-0.36502625275779504,2.3898514198728957,-0.07226293735274726,1.5758430629340454,-0.6723602141564072,-2.296688304827091,2.466619562536082,0.7553119433485042,0.8357976755323542,-1.8254517208919425,-1.2253857510943311,0.8303676908800947,0.016891512853929796,-0.6782553452819194,-0.3875089772897935
1998-08-20,-0.6786629067401504,2.3183093387062788,-0.0663650830301068,1.5500659334707554,-0.6799354639915834,-2.240552728695619,2.3929319061150096,0.7436501728282884,0.8221743474004691,-1.7990090089722686,-1.2127712898253595,0.8384036757704968,0.040437168377952463,-0.6675412958645986,-0.39192676348327055
1998-08-21,-1.0484855506999569,2.2516601480528196,-0.060447517465184085,1.5252292082777448,-0.6876064608932912,-2.1878635858791036,2.3244331069224353,0.7320918491737608,0.8086882091387428,-1.7733889623026382,-1.2003651219324514,0.8465475031350984,0.06572477063444057,-0.6570454817941171,-0.3963709417677551
1998-08-24,0.6288210402559801,2.189341896379696,-0.05450942716052721,1.5012869517231056,-0.6953758417213628,-2.138293948717822,2.260520139861533,0.7206323363629404,0.7953317539258665,-1.7485466007293577,-1.1881604933480936,0.854802135461353,0.09311021908334943,-0.646790989412235,-0.40084197037287655
1998-08-25,0.4188995833271413,2.130879138674585,-0.04854998214254544,1.478197957323391,-0.703246344538086,-2.091561554314791,2.200684420415244,0.7092671183581557,0.7820976490736988,-1.724440320620444,-1.176150947972366,0.8631706499466717,0.12306295819777582,-0.6368077033600779,-0.4053403174047166
1998-08-26,-0.879580968654527,2.075866503881899,-0.04256833521917423,1.4559253924254278,-0.7112208137192213,-2.04742154760182,2.1444936132811003,0.6979917902018193,0.7689787147960306,-1.7010315749506029,-1.1643303108246357,0.8716562443203606,0.15621849146388997,-0.6271343831159527,-0.40986646113615577
1998-08-27,-3.8487901749292424,2.023955925713323,-0.03656362120622922,1.4344365053722485,-0.7193022053845495,-2.0056606545676834,2.0915775548598443,0.6868020494758846,0.7559679033546594,-1.6782845897058758,-1.1526926723456972,0.8802622430315052,0.19346437131522015,-0.6178215519337171,-0.41442089030764107
1998-08-28,-1.4632678154856373,1.9748466088398868,-0.030534956120627867,1.4137023897379457,-0.7274935931717222,-1.9660924697381639,2.0416172335360168,0.6756936880863236,0.7430582784258539,-1.6561661118308242,-1.141232373758709,0.8889921038304279,0.23608841013665574,-0.6089355909804399,-0.41900410443879443
1998-08-31,-5.748191530459061,1.928277063614049,-0.02448143633854158,1.3936978017952295,-0.7357981743805471,-1.9285536208897822,1.9943360727465882,0.6646625843359804,0.7302429945258386,-1.6346451846516075,-1.129943993405526,0.8978494247737528,0.2860508590070341,-0.6005646648550391,-0.4236166141513648
1998-09-01,3.189602567901987,1.8840187233274215,-0.018402137716424797,1.374401028850638,-0.7442192765146878,-1.8929006314593333,1.949492969175203,0.6537046952508807,0.7175152763281641,-1.613692947302108,-1.1188223339820995,0.9068379516860046,0.3465262483035048,-0.5928275070759337,-0.4282589415039788
1998-09-02,-0.289667595329774,1.8418707851989657,-0.012296114672679343,1.3557938075146803,-0.7527603642531726,-1.8590073435225805,1.906876683493558,0.6428160491265267,0.7048683976957406,-1.5932824551768916,-1.1078624106041872,0.9159615861127307,0.4231033975246288,-0.5858868141210007,-0.4329316203392434
1998-09-03,-0.646625085746859,1.8016560070239167,-0.0061623992277614085,1.3378612924395035,-0.7614250468837133,-1.8267627958929764,1.8663012840823807,0.6319927382618877,0.6922956602382411,-1.573388518853107,-1.0970594396398468,0.9252243938047242,0.5268687156332591,-0.5799703410340278,-0.43763519664371386
1998-09-04,-0.660520062360043,1.7632172569840832,0.0,1.3205920776276399,-0.7702170862367334,-1.7960694758540745,1.8276024182917854,0.6212309118497319,0.6797903711882809,-1.5539875592758194,-1.0864088282512483,0.934630613775167,0.6843286295556793,-0.5754054304210495,-0.4423702289213229
1998-09-08,3.9709203511505327,1.728367986765524,0.006192098845290026,1.2999736796286865,-0.7718203807679507,-1.7605713395188696,1.788634574860537,0.6343673889516911,0.667343370573474,-1.525272155107032,-1.0719050922386846,0.9248240294567999,0.6882285158429398,-0.5656854249518869,-0.4507600334202277
1998-09-09,-1.2716548128003762,1.6949441292288203,0.012414938696373634,1.279909455840087,-0.773427537011254,-1.7265709495057666,1.751345075384811,0.6478222149291023,0.6549502652309277,-1.497512743960177,-1.05778190573449,0.9151342208347344,0.6921519567331429,-0.5560095799923492,-0.45926541840889773
1998-09-10,-1.9198401489089403,2.5199639733573647,0.018669587648369873,1.980914410784272,4.443628031552718,-0.2220243088273488,0.3137328816021873,1.8150207813376429,-0.02955593755404648,0.46852747478267953,-1.4740265628736744,1.1776060946174995,9.374430635576992,2.1553534828660026,-2.7815339028527233
1998-09-11,2.2226235196688497,2.4441500255813917,0.024957141712333573,1.939567786490418,4.106249879091871,-0.21148164983775294,0.30960058628204795,1.808948097394826,-0.04237479467635645,0.4740045477825399,-1.4548598251689164,1.1625230055143017,7.155408788351441,2.1093278463710576,-2.702225795424929
1998-09-14,1.5360993665089782,2.3738121767270783,0.03127872608385054,1.9002588339861648,3.831683466080166,-0.2008407527594803,0.3054752145676259,1.8029215214949887,-0.0554744556883596,0.479526603019799,-1.436538143561052,1.1477214639434496,5.9959343739787885,2.065533880322532,-2.6284828145212034
1998-09-15,0.5882243742858492,2.3083047893885147,0.03763549647460961,1.8628314299421576,3.602365350754912,-0.19009437544191857,0.30135655432730635,1.7969404364271269,-0.0688752214653094,0.4850945873843781,-1.4190529752500431,1.1331905965532276,5.253353584277009,2.0237868712151457,-2.5596635365860414
1998-09-16,0.5703363431135744,2.2470851417598623,0.04402864051106017,1.8271473938853349,3.406926627977944,-0.1792348331180948,0.2972443946833774,1.7910042365335281,-0.08259931930313019,0.4907094740446816,-1.4024011117109885,1.1189200865143432,4.724932394258184,1.9839228731569845,-2.4952257407177942
1998-09-17,-1.823262744515276,2.1896933033664485,0.0504593792044102,1.7930841084848068,3.2376389935728533,-0.1682539544951692,0.29313852595764395,1.7851123274325982,-0.09667115527524704,0.49637226342153834,-1.3865850063628302,1.10490013673532,4.323665317658719,1.9457957932025844,-2.434707493627258
1998-09-18,0.12378225395254763,2.1357366314566164,0.05692896849638761,1.7605325387388946,3.0890403310142824,-0.15714303268669305,0.2890387396176145,1.7792641257497213,-0.11111760832216164,0.5020839842065681,-1.3716132361593925,1.0911214359979913,4.005180016371294,1.9092749619336704,-2.377712465872098
1998-09-21,0.30421763968863913,2.0848776849274446,0.0634387008859087,1.7293955770314748,2.957145680820968,-0.14589277023432837,0.2849448282232732,1.77345905885594,-0.12596837453199186,0.5078456944274067,-1.3575011235188594,1.0775751277428016,3.7441564551472974,1.8742430965732366,-2.323898404093008
1998-09-22,0.44415085391536857,2.0368247004152082,0.06998990714166829,1.699586656661564,2.8389700226556327,-0.13449321733687009,0.2808565853743443,1.767696564614244,-0.1412563721186685,0.5136584825623238,-1.3442715543740493,1.0642527812614884,3.5249506496611978,1.8405945837807818,-2.2729679874754325
1998-09-23,2.5328599859057648,1.9913240132484165,0.0765839581064468,1.6710285885266907,2.732226958996067,-0.12293370224923637,0.27677380565809534,1.7619760911330584,-0.15701822023325868,0.5195234687070795,-1.3319560407032192,1.0511463650801252,3.3373049431643134,1.8082340244492046,-2.224661506580324
1998-09-24,-1.5230542049492115,1.9481539716242084,0.08322226659921754,1.6436525850660713,2.6351314636967835,-0.11120275262702412,0.2726962845975888,1.7562970965268816,-0.17329480814730353,0.5254418057968049,-1.3205960930809022,1.0382482223375802,3.174175306836774,1.7770749945113171,-2.178750950151497
1998-09-25,0.156767334006719,1.9071200094030554,0.08990628942145916,1.6173974430124953,2.546266716382187,-0.09928800636581471,0.2686238186003726,1.7506590486836295,-0.19013197578622404,0.5314146808861182,-1.310244992640012,1.0255510479848318,3.0305421799971533,1.7470389848374643,-2.1350351905836367
1998-09-28,0.2823586682735992,1.8680506267470776,0.09663752947497797,1.5922088624607054,2.464491780527161,-0.08717611020829631,0.2645562049075974,1.7450614250386622,-0.2075813324340157,0.5374433164907519,-1.3009700854812138,1.01304786764659,2.902718511884791,1.7180544904020896,-2.093336034597699
1998-09-29,0.04258962305724836,1.8307940886449279,0.10341753799859543,1.5680388846065725,2.3888760974066168,-0.07485260405665313,0.2604932415434738,1.7395037123550758,-0.22570124819353088,0.5435289719942323,-1.2928557707990176,1.0007320180043344,2.787926600799456,1.6900562244858386,-2.053494961110451
1998-09-30,-2.0789258415108014,1.795215696020939,0.11024791693205124,1.544845434533249,2.318652049475443,-0.06230178851379695,0.2564347272651171,1.733985406510236,-0.2445580632020898,0.5496729451233867,-1.2860074243275976,0.9885971285716115,2.684028430635257,1.6629844381101964,-2.015370409259171
1998-10-01,-2.000403092109518,1.7611955172821028,0.1171303214159854,1.522591958847304,2.253179981924759,-0.049506572667802305,0.25238046151268856,1.7285060122882003,-0.2642275737303777,0.555876573496708,-1.2805566031468654,0.9766371047458653,2.589347751991811,1.6367843284357537,-1.9788355101444473
1998-10-02,1.1733060874141223,1.7286264930245139,0.12406646243743348,1.5012471509829344,2.1919219905606866,-0.03644829850093782,0.2483302443598506,1.7230650431778962,-0.2847968736750573,0.5621412362498424,-1.2766680360501355,0.9648461120325459,2.502549156468878,1.6114055226909125,-1.9437761789336485
1998-10-05,-0.8904686882414468,1.6974128454684576,0.13105810963145142,1.4807847597550015,2.134421991786508,-0.02310653751622364,0.24428387646444655,1.7176620211769233,-0.3063666568841401,0.5684683557428981,-1.2745491484229479,0.9532185613449623,2.422553748301295,1.5868016264859877,-1.9100895015338553
1998-10-06,-0.21606841303684787,1.667468738604716,0.13810709424983422,1.46118347940197,2.0802903690350503,-0.009458854183118474,0.24024115901945187,1.7122964766006554,-0.32905412366958336,0.5748593993543584,-1.2744632584695486,0.9417490952951969,2.348479001833445,1.5629298272237895,-1.877682363527704
1998-10-07,-0.8977771251427945,1.6387171461653778,0.14521531230923077,1.4424269220561903,2.0291920030708726,0.004519470447223998,0.23620189370410927,1.7069679478966437,-0.3529966890384921,0.5813158813669619,-1.2767482129632528,0.9304325753960645,2.2795950104014593,1.5397505448310669,-1.8464702795007213
1998-10-08,-0.7138794786889153,1.6110888932000988,0.15238472793184013,1.4245036764725194,1.9808368384513781,0.0188557631987228,0.23216588263526372,1.701675981463976,-0.3783567688277994,0.5878393649511465,-1.2818432895350182,0.919264070104056,2.2152920943513146,1.517227123274964,-1.8163763890250555
1998-10-09,1.7965198424003592,1.5836529085836601,0.16786086152955831,1.4036051455664162,1.9346124497860608,0.027397267814953913,0.2260570827797912,1.6741574041450265,-0.3960381286953946,0.5828774158901759,-1.2618073742328013,0.9055257370701737,2.1551294560132894,1.4953255573489737,-1.776947837817128
1998-10-12,0.9545987162239911,1.2550274496810105,1.0306091422599943,1.8021129231129365,1.7674405839016374,-0.6672136082194383,-0.32205261304423,-0.2519859673798891,0.9351653335210012,1.152746735399113,-3.5923923544670853,-0.11059058239612851,0.3799835470261677,1.474014250056328,-1.8418278393595484
1998-10-13,-0.13976386150740103,1.236400276410014,1.0478223211528472,1.7712910402977182,1.730869291442062,-0.6552236308581225,-0.32438244221357626,-0.24654897636216166,0.9235962735856373,1.1380491562908144,-3.394590332932266,-0.11478110323005593,0.3720240983954639,1.4532637966188966,-1.8012326090911968
1998-10-14,0.7631792486152059,1.2182591976366808,1.0655462167058158,1.7418801298171145,1.6958017571580437,-0.6432922128278155,-0.32671818334971825,-0.2411133753579713,0.9123991903853496,1.1236176753850269,-3.2235212101978488,-0.11898619909264933,0.3640702809463299,1.4330467917232068,-1.7624369317151036
1998-10-15,2.735373284934012,1.200587296507447,1.08381008781419,1.7138046189889997,1.6621272766682509,-0.6314137439390648,-0.3290598924106543,-0.2356786662031778,0.9015926009192106,1.1094421882531058,-3.0735429262775384,-0.12320617881729841,0.3561204701677037,1.4133376571034002,-1.7252979071013943
1998-10-16,0.5763683378041304,1.183369373054447,1.102645608578729,1.6869981942243135,1.6297462283952948,-0.6195826024188146,-0.3314076259134314,-0.2302443491518602,0.8911998714850923,1.095513096220847,-2.9405536756709885,-0.12744135635956474,0.34817303041075276,1.3941124869709185,-1.6896879217355079
1998-10-19,0.3884435808271199,1.1665918959671482,1.1220871321300137,1.661403017799138,1.5985686861205382,-0.6077931385278241,-0.33376144094232074,-0.22480992263465185,0.881250233418408,1.0818212735833315,-2.82148990896461,-0.1316920509438217,0.3402263130009276,1.3753489091461757,-1.6554925970694359
1998-10-20,0.1173652586338878,1.1502429732304562,1.142171990627659,1.6369691024396285,1.5685132388938843,-0.5960396574612595,-0.33612139515719286,-0.2193748830141141,0.8717800943714504,1.0683580373708117,-2.7140108945945913,-0.13595858721408896,0.3322786542979323,1.357025960039632,-1.622609064750813
1998-10-21,0.38062869754655504,1.1343123422018848,1.1629408374531385,1.6136538278804853,1.5395059826941855,-0.5843164013795192,-0.3384875468019784,-0.2139387243367627,0.8628347477603656,1.0551151194336095,-2.616293062633155,-0.14024129538980445,0.3243283736976724,1.3391239718774792,-1.5909445088605698
1998-10-22,0.5251751606845457,1.1187913802374256,1.1844380388026488,1.5914215886202765,1.511479655120348,-0.5726175303977205,-0.34085995471331526,-0.20850093808156223,0.8544706263363245,1.0420846406380149,-2.5268916489879425,-0.1445405114264719,0.31637377156990737,1.3216244707780698,-1.5604149275991928
1998-10-23,-0.4724216719473437,1.1036731375528002,1.2067121233449871,1.5702435667346344,1.4843728898099824,-0.5609371023428793,-0.3432386783293449,-0.20306101290449105,0.8467583109667345,1.0292590869863996,-2.4446450649132583,-0.14885657718128636,0.3084131271249459,1.3045100844652318,-1.5309440763784095
1998-10-26,0.09894951618255238,1.0889523947337594,1.2298163004137932,1.5500976280959076,1.4581295715686733,-0.5492690510624554,-0.3456237776986281,-0.19761843437888832,0.8397866056157905,1.0166312874935772,-2.3686072226980577,-0.1531898405841681,0.3004446962023078,1.2877644585587156,-1.502462561689094
1998-10-27,-0.4184715108783825,1.0746257481491497,1.253809059445237,1.5309683449594012,1.4326982766095853,-0.5376071630383781,-0.34801531348925147,-0.19217268473128163,0.8336681462503446,1.004194393668126,-2.2979986430984707,-0.15754065581416693,0.292466708973807,1.2713721805143143,-1.47490706093363
1998-10-28,0.18233326979083847,1.0606917275980954,1.2787548661738044,1.5128471529108627,1.4080317850427087,-0.5259450520249315,-0.3504133469980939,-0.18672324257227024,0.8285472635401134,0.9919418604622212,-2.2321704779350235,-0.16190938348182332,0.2844773675529858,1.2553187104000838,-1.4482196480066354
1998-10-29,1.0994181624955597,1.0471509518527335,1.3047249746232787,1.495732655981603,1.3840866549608482,-0.5142761313879578,-0.3528179401602178,-0.18126958262222703,0.824611236423724,0.979867428566732,-2.170577599215894,-0.16629639081726227,0.2764748435022738,1.2395903177933532,-1.4223472080618265
1998-10-30,0.7674486631768452,1.034006329487274,1.3317983783886154,1.4796311007753218,1.3608228492598677,-0.5025935837696833,-0.35522915555848483,-0.1758111754313632,0.8221067862318305,0.967965107940108,-2.112758171780421,-0.17070205186462808,0.2684572752285912,1.2241740241682686,-1.397240927825492
1998-11-02,0.759414654678693,1.021263314599778,1.3600629303872098,1.4645570493124727,1.338203407790917,-0.49089032764544993,-0.3576470564332841,-0.17034748709384814,0.8213649232408948,0.9562291624700983,-2.0583179401180938,-0.17512674768286166,0.26042276525743996,1.2090575502173497,-1.3728558501683648
1998-11-03,-0.05500396282752671,1.0089302299824319,1.3896166675502437,1.450534291811033,1.3161941586380168,-0.4791589802623964,-0.3600717066924727,-0.16487797895549922,0.8228395884542957,0.9446540956767372,-2.006917994852397,-0.17957086655331667,0.2523693773747292,1.1942292676146635,-1.3491504835497097
1998-11-04,0.4406692527501488,0.9970186741780258,1.4205693863541873,1.4375970559636169,1.2947634632997378,-0.46739181636397503,-0.3625031709214944,-0.1594021073147509,0.827170052784151,0.9332346373734656,-1.9582651430529885,-0.18403480419437795,0.24429513362474664,1.179678154784086,-1.3260864584939818
1998-11-05,0.8641413275765905,0.9855440341241997,1.453044527386504,1.42579159015218,1.2738819913693356,-0.45558072199358485,-0.36494151439364464,-0.15391932311639256,0.8352863173955637,0.9219657312107987,-1.9121042514916258,-0.1885189639833049,0.23619801115173686,1.1653937562849075,-1.303628224524147
1998-11-06,0.3874988380815381,0.9703842617977061,1.4338594142132024,1.4054736979923719,1.2527195245236944,-0.44500313934915053,-0.3723149142396964,-0.16051314490921834,0.8221319458716726,0.9203358470355071,-1.8751876074656504,-0.20343657274699858,0.2301482407460038,1.1544083170772952,-1.2844448654774676
1998-11-09,-0.6306685744472922,0.9554601144678626,1.4154771934973953,1.3858782305423654,1.2320608459838962,-0.434412815435564,-0.379771482671965,-0.16715852638750436,0.8091175885054739,0.9187098344543726,-1.8400234045245625,-0.21879809065472242,0.22409517322947198,1.1435824792789129,-1.265807521022021
1998-11-10,-0.12370640746127795,2.2434979879682206,0.31491832864658365,1.8375479162582136,2.0446188994331784,-0.14797187758432864,1.9075302812711152,3.299092368578742,3.895688449169725,0.27139223552958797,-3.2059398215350723,-8.20435300236088,-0.6893184128953785,5.629464369832734,-0.1480234475575105
1998-11-11,-0.42944051685417806,2.188587253009772,0.30165371241750427,1.8069871744052828,1.994669294203429,-0.13832170171199962,1.8665385247313575,3.1446268973910683,3.6562260439042946,0.27631485728865984,-3.074811528531368,-6.610215436654521,-0.6879422896453165,4.999773594757115,-0.1357051616766421
1998-11-12,-0.20226989655243952,2.1369349516759018,0.2881596847080229,1.7779169399019215,1.9473411139708843,-0.1285854820704859,1.8274442388366845,3.007954838520172,3.453092642436412,0.28126723486783456,-2.9573490081691305,-5.6758510665863104,-0.6865687074505082,4.53651102138849,-0.12317516552658754
1998-11-13,0.45023819766451856,2.0882336758659976,0.2744106499720456,1.750263560806131,1.902395999319632,-0.11875797043909993,1.79009835904864,2.8858295959593954,3.2778038044378075,0.28624998518347183,-2.8513171437659652,-5.042734064057756,-0.6851976548515043,4.176814431805132,-0.11041660462204449
1998-11-16,0.5658010962256736,2.0422170251761664,0.26037782195951115,1.723963569284711,1.8596248742342165,-0.10883364184468189,1.7543681603789762,2.775779457453437,3.1244170974609635,0.29126373984213655,-2.7549655287418,-4.576756024181732,-0.6838291204556702,3.8867439755513504,-0.09741105907226678
1998-11-17,0.18049539794579975,1.998653008428935,0.24602862833185152,1.698962951978206,1.8188434668025169,-0.09880667122474994,1.7201350624950382,2.675884776354477,2.9886293143604545,0.2963091456343002,-2.66690137808585,-4.214864755922793,-0.682463092936668,3.6461483794181926,-0.08413833430557587
1998-11-18,0.2731134824659782,1.9573387214281386,0.2313259727844598,1.6752166048368384,1.7798886407655603,-0.08867090777147064,1.6872927899656271,2.584628800716264,2.867237075322635,0.30138686504816165,-2.58600097551561,-3.9229860772247753,-0.6810995610339453,3.442206405662997,-0.07057621667162868
1998-11-19,0.43470873528726667,1.9180960221486956,0.21622731183996796,1.6526879598974005,1.7426153699098836,-0.07841984667189994,1.6557458222571229,2.5007950032786574,2.7577996861755043,0.30649757680434936,-2.511346568430598,-3.68087572062973,-0.6797385135522255,3.266318914279086,-0.056700186661328984
1998-11-20,0.5788542299592117,1.8807679930822103,0.20068348776773776,1.6313487780772935,1.7068942262400142,-0.06804659791802684,1.6254080816923782,2.423394694579848,2.6584203171653398,0.3116419764127523,-2.4421804986093747,-3.4756470530041232,-0.6783799393610072,3.1124735844701767,-0.04248308068911043
1998-11-23,1.3203262565172014,1.845216030586368,0.18463723646716237,1.6111791085962308,1.6726092818844092,-0.057543851812167396,1.5962018180805932,2.3516148969174853,2.567599355659878,0.3168207767523572,-2.377871270955438,-3.2986538699535792,-0.6770238273940645,2.9763227582979637,-0.027894690065341468
1998-11-24,-0.3304629305908319,1.811317438190254,0.16802125603165513,1.5921674225384987,1.6396563465255438,-0.04690384073794217,1.5680566568906384,2.2847800995487413,2.4841333821255183,0.3220347086754588,-2.3178880576569876,-3.1438491792345484,-0.6756701666489554,2.854633763009673,-0.012901282771793789
1998-11-25,0.16120432925915004,1.7789634285884248,0.15075567228723152,1.574310935837997,1.607941478732323,-0.036118296699759675,1.5409087842399283,2.222323726804548,2.407043887494204,0.32728452163725236,-2.261781270651225,-3.0068592250126147,-0.6743189461865308,2.7449460134962314,0.002534970303502784
1998-11-27,0.24434801157088468,1.748057460078935,0.13274466231844964,1.5576161462185798,1.5773797222819765,-0.02517840405754805,1.514700247025487,2.1637665316366728,2.335525906427968,0.3325709843523138,-2.2091675709422316,-2.8844313069600975,-0.6729701551304509,2.645348820438915,0.01845668825627984
1998-11-30,-1.5819383526802275,1.7185138492872452,0.11387187966717734,1.5420996201595532,1.547894028377119,-0.014074746790293703,1.4893783505457017,2.1087000113773295,2.2689103060922013,0.33789488547912266,-2.159718170271979,-2.774089204697579,-0.6716237826667057,2.554332692780477,0.03491212277484265
1998-12-01,0.592142829067863,1.6902566144722588,0.09399413729730104,1.5277890808892187,1.5194143323064875,-0.0027972495139213464,1.4648951391855225,2.056773521687533,2.206635636505468,0.3432570343342923,-2.1131496093064297,-2.6739098354020787,-0.6702798180431409,2.470687025308156,0.05195619053687583
1998-12-02,-0.26232785411238074,1.6632185134653847,0.07293249574791934,1.5147248683155308,1.491876759090842,0.008664888650529539,1.441206948342958,2.0076841518580064,2.148226802636647,0.34865826163782976,-2.0692164223015843,-2.5823737503887263,-0.668938250568984,2.3934279831355068,0.06965174841751183
1998-12-03,-1.1800075225782658,1.6373402480505952,0.05045937920384413,1.5029618689893287,1.4652229373868932,0.02032326841789432,1.4182740178971798,1.9611686882858443,2.0932786862761397,0.354099420291271,-2.027705255901507,-2.498262246980453,-0.6675990696143798,2.3217465830074335,0.08807118245966705
1998-12-04,1.4361613902329329,1.6125698128718144,0.026279416560940683,1.492572052104574,1.4393994046817842,0.03219037413357356,1.3960601592641604,1.916997175541588,2.041443414582666,0.3595813861902041,-1.988430121518441,-2.4205848342354876,-0.6662622646099269,2.2549706081448226,0.10729840669880018
1998-12-07,0.5534570838644322,1.5888619721349264,0.0,1.483647801431048,1.4143570898165592,0.04427966848927249,1.3745324695367958,1.8749677128553797,1.9924203527513147,0.36510505907323276,-1.9512285411414605,-2.3485270046243882,-0.6649278250462216,2.192536200232759,0.1274314037003787
1998-12-08,-0.37634941781725556,1.5591637735208486,-0.013914411313459324,1.4599749730435503,1.3902053501340197,0.05702659711645726,1.354201986062929,1.8340780957216185,1.9446596900383286,0.36996520885729095,-1.9070743679967614,-2.279852656075872,-0.6631116789621951,2.1334300170072233,0.1391925084606669
1998-12-09,0.06653042268482756,1.5304911302129578,-0.028182994438251844,1.4370865700732693,1.3667330132149453,0.07005189222136303,1.3345076363158055,1.7950378676702137,1.899311914299753,0.37485739359059106,-1.8650485718300578,-2.215735150593042,-0.6612998127411189,2.077835889752175,0.15118558562244194
1998-12-10,-1.0291691793463793,1.5253150913347961,-1.803711644048118,2.1140991310342443,1.2486435648326457,-0.7749081201532777,0.4284137158708717,0.9901948955603883,2.513067284684408,1.2878180984572047,-0.1826640365696956,-3.401029646103523,-0.7061691962831723,0.3554890969333456,-0.6993056151317069
1998-12-11,0.030702556320128083,1.4978262269860094,-1.803711644048118,2.0679032501629315,1.2289644581951031,-0.7622959775762722,0.4162987607327681,0.9745978630913074,2.43258168457031,1.279928063698779,-0.1738098983287885,-3.2291838515981275,-0.7037777919479488,0.34851425296553085,-0.6867902591641838
1998-12-14,-1.4085463429939789,1.4712263227419882,-1.8037116440481022,2.024222390127077,1.2097332895802304,-0.7498093564832775,0.404093502782748,0.9592341027911377,2.358082069662532,1.2721237773824656,-0.1649012545723359,-3.078584967889322,-0.70139388385086,0.3415470197567978,-0.6743406681899793
1998-12-15,1.1712997379701453,1.4454619815797987,-1.8037116440481022,1.9828500844027688,1.1909283702023683,-0.7374441816689117,0.39178602358961323,0.944092730512568,2.2888280476114717,1.2644034791546093,-0.1559346862175791,-2.9450904398204014,-0.6990174140907609,0.334586347796374,-0.6619502759589302
1998-12-16,-0.08123635215225844,1.4204842237059179,-1.803711644048118,1.9436054901468152,1.172529360158834,-0.7251968237821482,0.3793634446466617,0.9291633263303379,2.2242016082267093,1.2567654587096613,-0.14690663523891803,-2.8256087307421014,-0.6966483253392473,0.3276311855052295,-0.6496124834974402
1998-12-17,0.940312522743098,1.396248034821038,-1.803711644048118,1.9063297434652706,1.154517158697848,-0.7130641458025367,0.3668117879622254,0.9144358986452494,2.1636822445975157,1.2492080539657344,-0.13781339434080475,-2.717779312878826,-0.6942865608331125,0.3206804783970402,-0.6373206361833788
1998-12-18,0.38664703204472917,1.372711970910483,-1.803711644048118,1.8708829692702635,1.1368738050762606,-0.7010435636656737,0.35411581256814056,0.8999008506932491,2.1068279927619633,1.2417296493207983,-0.12865109579039896,-2.6197642573387085,-0.6919320643669272,0.3137331682279124,-0.6250679995855241
1998-12-21,0.7457158108119705,1.3498378115448553,-1.8037116440481022,1.8371418175825236,1.1195823888117593,-0.6891331246628081,0.34125882166592925,0.8855489491970485,2.0532607942583505,1.2343286739855424,-0.11941569932316738,-2.530108156177716,-0.6895847802857376,0.3067881921331646,-0.6128477338351167
1998-12-22,0.00011015081820159119,1.3275902549941923,-1.8037116440481022,1.8049974273945197,1.1026269682861811,-0.6773316083988856,0.32822243374217436,0.8713712949205121,2.0026550626390103,1.2270036003887481,-0.11010297902390016,-2.4476413796670573,-0.6872446534778746,0.29984448174941697,-0.6006528662776958
1998-12-23,1.2588285357491173,1.3059366495242066,-1.803711644048118,1.7743537413696964,1.085992496788016,-0.6656386566762269,0.3149863091636849,0.857359294905501,1.9547286564943476,1.2197529426516656,-0.10070850907377549,-2.371411663210369,-0.6849116293678824,0.29290096232016716,-0.5884762621338849
1998-12-24,-0.16407962334855594,1.284846756135684,-1.803711644048118,1.7451261116410566,1.069664755194549,-0.6540549408499313,0.301527821352377,0.8435046361873256,1.9092356821729617,1.212575255127696,-0.09122764824092132,-2.300634711837454,-0.6825856539095536,0.2859565517829719,-0.576310592879985
1998-12-28,-0.08499430841297065,1.264292538744696,-1.803711644048118,1.7172401501753654,1.053630290590923,-0.6425823782365342,0.287821658416241,0.8297992607987051,1.8659607032834606,1.2054691310042926,-0.08165552297595723,-2.2346578728625706,-0.680266673579078,0.2790101598362611,-0.5641483020462843
1998-12-29,0.7851965866823152,1.244247978416754,-1.8037116440481022,1.690630787593512,1.0378763602082035,-0.6312244134442839,0.2738393367556696,0.816235341883346,1.8247140430169213,1.19843320096377,-0.07198700895684304,-2.172932976741689,-0.6779546353682946,0.2720606869837417,-0.5519815681281734
1998-12-30,-0.5446553165872535,1.2246889087859374,-1.8037116440481022,1.6652415127232152,1.022390880133803,-0.6199863866212739,0.25954860220666315,0.8028052607491089,1.785327943520016,1.1914661319003104,-0.06221671090655917,-2.1149957304800067,-0.6756494867780509,0.2651070235542438,-0.5398022643209306
1998-12-31,-0.18105385738000696,1.2055928702289926,-1.803711644048118,1.6410237720792453,1.0071623783118708,-0.608876019517628,0.24491268603357746,0.7895015846973094,1.7476534033752325,1.1845666256901937,-0.052338940484027305,-2.060449872995727,-0.6733511758116668,0.25814804869475566,-0.5276019148376007
